JIB_LIJEKA,NAZIV,OPIS,TIPICNA_DOZA
2285,GLUCAGEN HYPOKIT,Prašak i rastvaraè za rastv.za inj.,1 mg
2284,LEVEMIR,Rastvor za injekciju,100 i.j./ml
2283,MIXTARD 30 NOVOLET,Suspenzija za injekciju,100 i.j./ml
2282,INSULATARD NOVOLET,Suspenzija za injekciju,100 i.j./ml
2281,ACTRAPID NOVOLET,Rastvor za injekciju,100 i.j./ml
2261,HUMALOG MIX 25 KwikPen,Suspenzija za injekciju,100 i.j./ml
2260,HUMALOG,Rastvor za injekciju,100 i.j./ml
2251,TRESIBA,rastvor za injekciju u napunjenoj brizga,100 i.j./ml
2250,ABASAGLAR,rastvor za injekciju u napunjenoj brizga,100 i.j./ml
2249,TOUJEO,rastvor za injekciju u napunjenom penu,300 i.j./ml
2248,INSUMAN Rapid,Rastvor za injekciju,100 i.j./ml
2246,INSUMAN Comb 25,Suspenzija za injekciju,100 i.j./ml
2245,INSUMAN Basal,Suspenzija za injekciju,100 i.j./ml
2244,LANTUS,Rastvor za injekciju,100 i.j./ml
2243,APIDRA,Rastvor za injekciju,100 i.j./ml
2242,VICTOZA,Rastvor za injekciju,6mg/ml
2235,GENSULIN M30,Suspenzija za injekciju,100 i.j./ml
2234,GENSULIN N,Suspenzija za injekciju,100 i.j./ml
2233,GENSULIN R,Rastvor za injekciju,100 i.j./ml
2232,Humalog Mix 50 KwikPen,Suspenzija za injekciju,100 i.j./ml
2231,Humulin M3,Suspenzija za injekciju,100 i.j./ml
2230,Humulin N,Suspenzija za injekciju,100 i.j./ml
2229,Humulin R,Rastvor za injekciju,100 i.j./ml
2226,Ozempic,Rastvor za injekciju,1 mg
2225,Ozempic,Rastvor za injekciju,"0,5 mg"
2224,Ozempic,Rastvor za injekciju,"0,25 mg"
2217,BENZIL BENZOAT,Emulzija,25 %
2216,MESTINON,Obložene tablete,60 mg
2215,FAVISTAN,Tablete,20 mg
2214,LITALIR,Kapsule,500 mg
2213,LUNATA,Film tablete,5 mg
2212,LUNATA,Film tablete,5 mg
2211,LUNATA,Film tablete,10 mg
2210,LUNATA,Film tablete,10 mg
2209,ALENDOR,Tablete,10 mg
2208,LIZINOPRIL HCT,Tablete,"20 mg+12,5 mg"
2207,LIZINOPRIL HCT,Tablete,"10 mg+12,5 mg"
2206,LASIX,Tablete,40 mg
2205,LASIX,Tablete,40 mg
2204,TONOCARDIN,Tablete,4 mg
2203,TONOCARDIN,Tablete,2 mg
2202,DAONIL,Tablete,5 mg
2201,ULTOP,Kapsule,20 mg
2200,ULTOP,Kapsule,20 mg
2199,OMEPRAZOL,Kapsule,20 mg
2198,LORATADIN,Sirup,5 mg/ 5 ml
2197,SETALOFT,Film tablete,50 mg
2196,SETALOFT,Film tablete,100 mg
2195,FLUXILAN,Kapsule,20 mg
2194,AMITRIPTYLINE,Film tablete,25 mg
2193,AMITRIPTYLINE,Film tablete,10 mg
2192,LAMAL,Tablete,50 mg
2191,LAMAL,Tablete,25 mg
2190,LAMAL,Tablete,100 mg
2189,DANOPTIN,Tablete,50 mg
2188,DANOPTIN,Tablete,25 mg
2187,DANOPTIN,Tablete,100 mg
2186,DANOPTIN,Tablete za žvakanje,5 mg
2185,CARBAMAZEPINE RETARD,Tablete sa produž.oslobaðanjem,400 mg
2184,PARACETAMOL ALKALOID,Sirup,120 mg/ 5 ml
2183,ZENAFLUK,Kapsule,50 mg
2182,ZENAFLUK,Kapsule,150 mg
2181,ZENAFLUK,Kapsule,100 mg
2180,CILAZIL,Film tablete,"2,5 mg"
2179,CILAZIL,Film tablete,1 mg
2178,CILAZAPRIL,Film tablete,5 mg
2177,CILAZAPRIL,Film tablete,"2,5 mg"
2176,AMPRIL,Tablete,5 mg
2175,AMPRIL,Tablete,"2,5 mg"
2174,VILPIN,Tablete,5 mg
2173,VILPIN,Tablete,10 mg
2172,PROPAFENON ALKALOID,Film tablete,150 mg
2171,DIGLICAL,Tablete,80 mg
2170,ARAVA,Tablete,20 mg
2169,PENTASA,Tablete,500 mg
2168,AVODART,Meke kapsule,"0,5 mg"
2167,PLAVIX,Film tablete,75 mg
2166,SINKUM 4,Tablete,4 mg
2165,REVASTAT,Film tablete,20 mg
2164,REVASTAT,Film tablete,10 mg
2163,PREDNIZON,Tablete,5 mg
2162,PREDNIZON,Tablete,20 mg
2161,ENALAPRIL,Tablete,5 mg
2160,ENALAPRIL,Tablete,20 mg
2159,ENALAPRIL,Tablete,10 mg
2158,CORYOL,Tablete,"6,25 mg"
87,PAM 1,,500 g
88,BEZGLUTENSKO BRAŠNO,,
89,PKU Nutri 2,,500 g
90,PKU Nutri 3,,500 g
2157,CORYOL,Tablete,25 mg
2156,CORYOL,Tablete,"12,5 mg"
2155,AMINOFILIN RETARD,Tablete sa produž.oslobaðanjem,350 mg
2154,LORATADIN,Sirup,5 mg/ 5 ml
2153,VENTOLIN,Tablete,2 mg
2152,VENTOLIN,Sirup,2 mg/ 5 ml
2151,METHOTREXAT,Tablete,"2,5 mg"
2150,ERITROMICIN,Film tablete,500 mg
2149,ERITROMICIN,Film tablete,250 mg
2148,LIZINOPRIL,Tablete,20 mg
2147,LIZINOPRIL,Tablete,10 mg
2146,LIZINOPRIL,Tablete,5 mg
2145,NORVASC,Tablete,10 mg
2144,PARACETAMOL,Sirup,120 mg/ 5 ml
2143,KARVEDILOL,Tablete,"12,5 mg"
2142,KARVEDILOL,Tablete,"6,25 mg"
2141,IBUPROFEN,Film tablete,400 mg
2140,IBUPROFEN,Sirup,100 mg/ 5 ml
2139,AMLODIPIN,Tablete,5 mg
2138,AMONEX,Tablete,10 mg
2137,AMONEX,Tablete,5 mg
2136,RINOLAN,Sirup,5 mg/ 5 ml
2135,LORATADIN,Sirup,5 mg/ 5 ml
2134,CARBAMAZEPIN,Tablete,200 mg
2133,TRAMADOL,Kapsule,50 mg
2132,TAMOXIFEN,Tablete,10 mg
2131,FUNZOL,Kapsule,150 mg
2130,FUNZOL,Kapsule,50 mg
2129,FLUCONAL,Kapsule,50 mg
2128,FLUCONAL,Kapsule,150 mg
2127,ATORIS,Film tablete,20 mg
2126,ATORIS,Film tablete,10 mg
2125,TULIP,Film tablete,20 mg
2124,TULIP,Film tablete,10 mg
2123,CHOLIPAM,Film tablete,20 mg
2122,CHOLIPAM,Film tablete,10 mg
2121,STATEX 20,Film tablete,20 mg
2120,STATEX 10,Film tablete,10 mg
2119,CILAZIL HCT,Film tablete,"5 mg+ 12,5 mg"
2118,IRUZID,Tablete,"20 mg+12,5 mg"
2117,PRILENAP HL,Tablete,"10 mg+12,5 mg"
2116,PRILENAP H,Tablete,10 mg + 25 mg
2115,IRUMED,Tablete,20 mg
2114,IRUMED,Tablete,10 mg
2113,IRUMED,Tablete,5 mg
2112,LORIL,Tablete,10 mg
2111,ENALAPRIL LEK 20 mg,Tablete,20 mg
2110,ENALAPRIL LEK 10 mg,Tablete,10 mg
2109,ENALAPRIL,Tablete,20 mg
2108,ENALAPRIL,Tablete,10 mg
2107,VERAPAMIL,Tablete,80 mg
2106,NIPIDIN,Kapsule sa produž.djelovanjem,20 mg
2105,VAZOTAL,Tablete,10 mg
2104,AMLODIPIN,Tablete,10 mg
2103,VAZOTAL,Tablete,5 mg
2102,MILENOL,Tablete,25 mg
2101,KARVEDILOL,Tablete,25 mg
2100,DILATREND,Tablete,25 mg
2099,CARVETREND,Tablete,25 mg
2098,KARVILEKS,Tablete,"12,5 mg"
2097,MILENOL,Tablete,"12,5 mg"
2096,KARVEDILOL,Tablete,"12,5 mg"
2095,DILATREND,Tablete,"12,5 mg"
2094,CARVETREND,Tablete,"12,5 mg"
2093,KARVEDILOL,Tablete,"6,25 mg"
2092,DILATREND,Tablete,"6,25 mg"
2091,CARVETREND,Tablete,"6,25 mg"
2090,OLICARD 40 mg retard,Kapsule sa produž.djelovanjem,40 mg
2089,RANITIDIN,Film tablete,150 mg
2088,NORDITROPIN NORDILET,Rastvor za injekciju,"10 mg/ 1,5 ml"
2087,NORDITROPIN  NORDILET,Rastvor za injekciju,"5 mg/ 1,5 ml"
2086,INSULATARD HM,Suspenzija za injekciju,100 i.j./ml (kristalni 30%+ izofan 70%)
2085,NOVOMIX 30 FLEXPEN,Rastvor za injekciju,100 i.j./ml
2084,NOVORAPID FLEXPEN,Rastvor za injekciju,100 i.j./ml
2083,ACTRAPID HM,Suspenzija za injekciju,100 i.j./ml
2082,SERETIDE,Suspenzija za inhalaciju,(25 mcg+250 mcg)/ doza
2081,SERETIDE,Suspenzija za inhalaciju,(25 mcg+125 mcg)/ doza
2080,SERETIDE,Suspenzija za inhalaciju,(25 mcg+50 mcg)/ doza
2079,SKOPRYL PLUS,Tablete,20 mg+25 mg
2078,LOPRIL H,Tablete,"20 mg+12,5 mg"
2077,LOPRIL H,Tablete,"10 mg+12,5 mg"
2076,LOPRIL,Tablete,20 mg
2075,LOPRIL,Tablete,10 mg
2074,LOPRIL,Tablete,5 mg
2073,TIMADREN,Kapi za oèi,5 mg/ ml
2072,HLORAMKOL,Masti za oèi,10 mg/ ml
2071,PRESSING,Sirup,5 mg/ 5 ml
2070,CLOZAPINE,Tablete,100 mg
2069,GALEPSIN,Tablete,200 mg
2068,IBUPROFEN,Film tablete,400 mg
2067,IMUPRIN,Tablete,50 mg
2066,ERITHROMYCIN,Film tablete,500 mg
2065,ERITHROMYCIN,Film tablete,250 mg
2064,CEFALEXIN,Kapsule,500 mg
2063,AMOXICILLIN,Kapsule,500 mg
2062,DOXYCYCLINE,Film tablete,100 mg
2061,RENAPRIL,Tablete,20 mg
2060,RENAPRIL,Tablete,10 mg
2059,RENAPRIL,Tablete,5 mg
2058,PRILENAP,Tablete,5 mg
2057,KAPTOPRIL,Tablete,50 mg
2056,KAPTOPRIL,Tablete,25 mg
2055,NIFEDIPINE RETARD,Tablete sa produž.oslobaðanjem,20 mg
2054,AMLODIL,Kapsule,5 mg
2053,ATENOLOL,Tablete,100 mg
2052,PROPRANOLOL,Film tablete,40 mg
2051,RANITIDINE,Film tablete,150 mg
2050,PRILEN AM,Kapsule,(10+10)mg
2049,PRILEN AM,Kapsule,(10+5)mg
2048,PRILEN AM,Kapsule,(5+10)mg
2047,PRILEN AM,Kapsule,(5+5)mg
2046,DUTAPROST COMBO,Kapsule,"(0,5+0,4)mg"
2045,LARTEXA,Film tablete,20 mg
2044,AMORA,Kapsule,(10+10)mg
2043,AMORA,Kapsule,(10+5)mg
2042,AMORA,Kapsule,(5+10)mg
2041,AMORA,Kapsule,(5+5)mg
2040,AMORA,Kapsule,"(2,5+5)mg"
2039,KLOPIDEX,Film tablete,75 mg
2038,XERDOXO,Film tablete,20 mg
2037,XERDOXO,Film tablete,15 mg
2036,XERDOXO,Film tablete,10 mg
2035,TRIMBOW,"stlaèeni inhalat,otopina",(87+5+9)mcg/dozi
2034,UPERIO,Film tablete,(97+103)mg
2033,UPERIO,Film tablete,(49+51)mg
2032,UPERIO,Film tablete,(24+26)mg
2031,PREDUCTAL MR,kapsule sa produženim oslobaðanjem,80 mg
2030,TOSYNAL,Film tablete,10 mg
2029,TOSYNAL,Film tablete,5 mg
2028,OLEOVIT D3,Kapi za oralnu upotrebu,14400 i.j./ml
2027,MEKSENA,Film tablete,100 mg
2026,MEKSENA,Film tablete,50 mg
2025,BULNEXO,Sublingvalne tablete,(8+2)mg
2024,BULNEXO,Sublingvalne tablete,"(2+0,5)mg"
2023,VILDAX,Tablete,50 mg
2022,VILSPOX,Film tablete,(50+850)mg
2021,VILSPOX,Film tablete,(50+1000)mg
2020,PAKSTON,Film tablete,20 mg
2019,MAPRAZAX,Tablete,1 mg
2018,MAPRAZAX,Tablete,"0,5 mg"
2017,LESTEDON,Meke kapsule,"0,5 mg"
2016,DUSTER DUO,Kapsule,"(0,5+0,4)mg"
2015,RIVER,Film tablete,20 mg
2014,RIVER,Film tablete,15 mg
2013,RIVER,Film tablete,10 mg
2012,BRETARIS GENUAIR,Prašak za inhalaciju,322mcg/dozi
2011,ULTIBRO BREEZHALER,Prašak za inh.u tvrdoj kapsuli,(85+43)mcg/dozi
2010,SALBUAL,Suspenzija za inhalaciju,100 mcg/ doza
2009,AIRBUFO FORSPIRO,prašak inhalata,"(160+4,5) mcg/ dozi"
2008,BISOPROLOL GALENIKA,Film tablete,10 mg
2007,BISOPROLOL GALENIKA,Film tablete,5 mg
2006,FLUNIRIN,Kapsule,20 mg
2005,AEROGAL,Sirup,"0,5 mg/ml"
2004,GLIFOR,Film tablete,1000 mg
2003,ROPUIDO,Film tablete,20 mg
2002,ROPUIDO,Film tablete,10 mg
2001,FRESUBIN ENERGY DRINK,Teèna hrana,"1,5 kcal/ml"
2000,TENPRIL DUO,Tablete,5 mg+25 mg
1999,TENPRIL DUO,Tablete,"2,5 mg+12,5 mg"
1998,GENOTROPIN,prašak i rastvaraè za rastvor za injekci,12mg/ml
1997,GENOTROPIN,prašak i rastvaraè za rastvor za injekci,"5,3 mg/ml"
1996,TRANSTEC,Transdermalni flaster,70mcg/h
1995,TRANSTEC,Transdermalni flaster,"52,5mcg/h"
1994,TRANSTEC,Transdermalni flaster,35mcg/h
1993,XEPAR,Film tablete,10 mg
1992,XEPAR,Film tablete,5 mg
1991,BRALTUS,Prašak za inh.u tvrdoj kapsuli,10mcg/dozi
1990,LENOCOR,Film tablete,20 mg
1989,LENOCOR,Film tablete,10 mg
1988,FORDEX,Film tablete,1000 mg
1987,GLYPVILO,Tablete,50 mg
1986,SANOSEN,Tablete,100 mg
1985,SANOSEN,Tablete,25 mg
1984,BUPRENORFIN/NALOKSON MYLAN,Sublingvalne tablete,(8+2)mg
1983,BUPRENORFIN/NALOKSON MYLAN,Sublingvalne tablete,"(2+0,5)mg"
1982,IDAXE,Film tablete,20 mg
1981,IDAXE,Film tablete,15 mg
1980,IDAXE,Film tablete,10 mg
1979,LUMINEL,oralna disperzibilna tableta,10 mg
1978,SERTRALIN MYLAN,Film tablete,50 mg
1977,BISOPROLOL MYLAN,Film tablete,5 mg
1976,UTROGESTAN,"kapsula, meka",100 mg
1975,SOLIFENACIN LEK,Film tablete,10 mg
1974,SOLIFENACIN LEK,Film tablete,5 mg
1973,TACROLIMUS LEK,Kapsule,5 mg
1972,TACROLIMUS LEK,Kapsule,"0,5 mg"
1971,TACROLIMUS LEK,Kapsule,1 mg
1970,BUPRENORFIN LEK,Sublingvalne tablete,8 mg
1969,BUPRENORFIN LEK,Sublingvalne tablete,2 mg
1968,MIKTAN,Tablete sa produž.oslobaðanjem,"0,4 mg"
1967,KARVEDILOL Labormed,Tablete,"12,5 mg"
1966,MEROT,Tablete,10 mg
1965,MEROT,Tablete,5 mg
1964,SERZYL,Suspenzija za inhalaciju,(25 mcg+250 mcg)/ doza
1963,SERZYL,Suspenzija za inhalaciju,(25 mcg+125 mcg)/ doza
1962,AGNIS,Tablete,50 mg
1961,AGNIS,Tablete,50 mg
1960,VESICARE,Film tablete,10 mg
1959,VESICARE,Film tablete,5 mg
1958,ARYZALERA,oralna disperzibilna tableta,10 mg
1957,NUTRIBEL Complex,Teèna hrana,"1,5 kcal/ml"
1956,NUTRIXA,Teèna hrana,"1,25kcal/ml"
1955,RELVAR ELLIPTA,Prašak za inhalaciju,184/22mcg
1954,RELVAR ELLIPTA,Prašak za inhalaciju,92/22mcg
1953,DUORESP Spiromax,prašak inhalata,(320+9) mcg/ dozi
1952,DUORESP Spiromax,prašak inhalata,"(160+4,5) mcg/ dozi"
1951,TREFERO,oralna disperzibilna tableta,10 mg
1950,ELIQUIS,Film tablete,5 mg
1949,ELIQUIS,Film tablete,"2,5 mg"
1948,ELIQUIS,Film tablete,"2,5 mg"
1947,ENVARSUS,Tablete sa produž.oslobaðanjem,4 mg
1946,ENVARSUS,Tablete sa produž.oslobaðanjem,1 mg
1945,ENVARSUS,Tablete sa produž.oslobaðanjem,"0,75 mg"
1944,XULTOPHY,Rastvor za injekciju,"100i.j./ml+3,6mg/ml"
1943,SULIQUA SoloStar,Rastvor za injekciju,100jedinica/ml+50mcg/ml
1942,SULIQUA SoloStar,Rastvor za injekciju,100jedinica/ml+33mcg/ml
1941,TRULICITY,Rastvor za injekciju,"1,5mg/0,5ml"
1940,TRULICITY,Rastvor za injekciju,"0,75mg/0,5ml"
1939,SAURUS,Film tablete,10 mg
1938,SAURUS,Film tablete,5 mg
1937,GLUCOPHAGE XR,Tablete sa produž.oslobaðanjem,1000 mg
1936,GLUCOPHAGE XR,Tablete sa produž.oslobaðanjem,1000 mg
1935,GLUCOPHAGE XR,Tablete sa produž.oslobaðanjem,750 mg
1934,GLUCOPHAGE XR,Tablete sa produž.oslobaðanjem,750 mg
1933,GLUCOPHAGE XR,Tablete sa produž.oslobaðanjem,500 mg
1932,GLUCOPHAGE XR,Tablete sa produž.oslobaðanjem,500 mg
1931,JANUMET,Film tablete,(1000+50)mg
1930,YASNAL,oralna disperzibilna tableta,10 mg
1929,YASNAL,oralna disperzibilna tableta,5 mg
1928,YASNAL,oralna disperzibilna tableta,10 mg
1927,YASNAL,oralna disperzibilna tableta,5 mg
1926,DUTRYS,Meke kapsule,"0,5 mg"
1925,RAMEAM,Kapsule,(10+10)mg
1924,RAMEAM,Kapsule,(10+5)mg
1923,RAMEAM,Kapsule,(5+10)mg
1922,RAMEAM,Kapsule,(5+5)mg
1921,ENAP HL 20,Tablete,"20 mg+12,5 mg"
1920,ENAP HL,Tablete,"10 mg+12,5 mg"
1919,ENAP H,Tablete,10 mg + 25 mg
1918,ENAP,Tablete,20 mg
1917,ENAP,Tablete,10 mg
1916,AMPRIL,Tablete,10 mg
1915,AMPRIL,Tablete,5 mg
1914,IDIKA,Film tablete,150 mg
1913,SUBOXONE,Sublingvalne tablete,(8+2)mg
1912,SUBOXONE,Sublingvalne tablete,"(2+0,5)mg"
1911,BUPRENORFIN ALKALOID,Sublingvalne tablete,8 mg
1910,BUPRENORFIN ALKALOID,Sublingvalne tablete,2 mg
1909,SKOPRYL PLUS,Tablete,"20 mg+12,5 mg"
1908,SKOPRYL PLUS,Tablete,20 mg+25 mg
1907,SKOPRYL,Tablete,20 mg
1906,SKOPRYL,Tablete,10 mg
1904,FLIXON,Suspenzija za inhalaciju,125 mcg/ doza
1903,FLIXON,Suspenzija za inhalaciju,50 mcg/ doza
1902,LERCOR,Film tablete,20 mg
1901,LERCOR,Film tablete,10 mg
1900,VERION,Meke kapsule,"0,5 mg"
1899,LIVERCOL,Film tablete,20 mg
1898,LIVERCOL,Film tablete,10 mg
1897,PANOCER,Gastrorez.tableta,40 mg
1896,TRIMETACOR MR,Tablete sa produž.oslobaðanjem,35 mg
1895,HYPOLIP,Film tablete,40 mg
1894,HYPOLIP,Film tablete,20 mg
1893,HYPOLIP,Film tablete,10 mg
1892,ROTIN,Film tablete,20 mg
1891,ROTIN,Film tablete,10 mg
1890,ROTIN,Film tablete,5 mg
1889,TAMLOS,Kapsule sa produž.djelovanjem,"0,4 mg"
1888,DATUST,Meke kapsule,"0,5 mg"
1887,PARAVANO,Film tablete,20 mg
1886,PARAVANO,Film tablete,10 mg
1885,PARAVANO,Film tablete,5 mg
1884,SERTAN,Film tablete,100 mg
1883,SERTAN,Film tablete,50 mg
1882,HORIZONT,Film tablete,20 mg
1881,CORNELIN,Film tablete,20 mg
1880,CORNELIN,Film tablete,10 mg
1879,POROXIFEN,Tablete,70 mg
1878,HEPTANON,Tablete,5 mg
1876,GlucaGen 1mg/ml Hypokit,Prašak i rastvaraè za rastv.za inj.,1 mg
1875,VICTOZA 6mg/mL,Rastvor za injekciju,6mg/ml
1874,TRESIBA 100 i.j./mL FlexTouch,Rastvor za injekciju,100 i.j./ml
1873,LEVEMIR 100 i.j./mL FlexPen,Rastvor za injekciju,100 i.j./ml
1872,NOVOMIX 100 i.j./mL FlexPen,Suspenzija za injekciju,100 i.j./ml
1871,NOVORAPID 100 i.j./mL FlexPen,Rastvor za injekciju,100 i.j./ml
1870,BREQUAL,Prašak za inhalaciju,(50+500) mikrograma/ doza
1869,BREQUAL,Prašak za inhalaciju,(50+250) mikrograma/ doza
1868,BREQUAL,Prašak za inhalaciju,(50+100) mikrograma/ doza
1867,EPINEXX,Film tablete,500 mg
1866,ATIOPRIN,Tablete,50 mg
1864,Na-valproat+valproatna kis.Pliva,Tablete sa produž.oslobaðanjem,333 mg + 145 mg
1863,Na-valproat+valproatna kiselina Pliva,Tablete sa produž.oslobaðanjem,"199,8 mg+87 mg"
1862,DUSTER,Meke kapsule,"0,5 mg"
1861,AMINOFILIN ALKALOID,Tablete,100 mg
1860,AMINOFILIN ALKALOID,Tablete sa produž.oslobaðanjem,350 mg
1859,OPRYMEA,Tablete sa produž.oslobaðanjem,"2,1mg"
1858,OPRYMEA,Tablete sa produž.oslobaðanjem,"3,15mg"
1857,SCRIPTA,Film tablete,"(50+12,5+200) mg"
1856,SCRIPTA,Film tablete,"(150+37,5+200) mg"
390,Natrijum benzoat,Prašak,
1855,SCRIPTA,Film tablete,(100+25+200) mg
1854,NOTMAL,Film tablete,250 mg
1853,NOTMAL,Film tablete,500 mg
1852,NOTMAL,Film tablete,1000 mg
1851,PROBILOL,Film tablete,5 mg
1850,PROBILOL,Film tablete,10 mg
1849,SALRES,Suspenzija za inhalaciju,100 mcg/ doza
1848,BRINZOVIS,Kapi za oèi,1%
1847,DORZOVIS,Kapi za oèi,20 mg/ml
1846,TRAVOVIS,Kapi za oèi,40mcg/ml
1845,BUPRENORFIN ALKALOID,Sublingvalne tablete,8 mg
1844,BUPRENORFIN ALKALOID,Sublingvalne tablete,2 mg
1843,TREGONA D,oralna disperzibilna tableta,10 mg
1842,TREGONA D,oralna disperzibilna tableta,5 mg
1841,BIKALIS,Film tablete,50 mg
1840,PROSPERA,Film tablete,3 mg
1839,PROSPERA,Film tablete,2 mg
1838,PROSPERA,Film tablete,1 mg
1837,LEVETIRACETAM Farmavita,Film tablete,1000 mg
1836,LEVETIRACETAM Farmavita,Film tablete,500 mg
1835,LEVETIRACETAM Farmavita,Film tablete,250 mg
1834,CORYOL,Tablete,25 mg
1833,CORYOL,Tablete,"12,5 mg"
1832,CORYOL,Tablete,"6,25 mg"
1831,ROSWERA,Film tablete,40 mg
1830,ROSWERA,Film tablete,20 mg
1829,ROSWERA,Film tablete,10 mg
1828,ROSWERA,Film tablete,5 mg
1827,ROLPRYNA SR,Tablete sa produž.oslobaðanjem,8 mg
1826,ROLPRYNA SR,Tablete sa produž.oslobaðanjem,4 mg
1825,ROLPRYNA SR,Tablete sa produž.oslobaðanjem,2 mg
1824,OPRYMEA,Tablete sa produž.oslobaðanjem,"1,05mg"
1823,OPRYMEA,Tablete sa produž.oslobaðanjem,"0,52mg"
1822,OPRYMEA,Tablete sa produž.oslobaðanjem,"0,26mg"
1821,APERTO,Kapsule sa produž.djelovanjem,"0,4 mg"
1819,GLUCOPHAGE,Film tablete,1000 mg
1818,GLUCOPHAGE,Film tablete,850 mg
1817,GLUCOPHAGE,Film tablete,500 mg
1816,TENPRIL,Tablete,10 mg
1815,XALACOM,Kapi za oèi,(50mcg+5mg)/ml
1813,TENPRIL,Tablete,5 mg
1812,SOPHAMET,Film tablete,850 mg
1810,FRESUBIN DRINK,Teèna hrana,2kcal/ml
1808,FARNOS,Tablete,20 mg
1807,FARNOS,Tablete,10 mg
1806,"isoniazid, rifampicin",Tablete,(75+150)mg
1805,"isoniazid, rifampicin, etambutol",Tablete,(75+150+275)mg
1804,"isoniazid, rifampicin, etambutol, pirazinamid",Tablete,(75+150+275+400)mg
1803,JARDIANCE,Film tablete,25 mg
1802,JARDIANCE,Film tablete,10 mg
1801,TRIMETACOR,Tablete sa produž.oslobaðanjem,35 mg
1800,PREDUCTAL MR,Tablete sa produž.oslobaðanjem,35 mg
1799,DETRALEX,Film tablete,(450+50)mg
1798,DETRALEX,Film tablete,(450+50)mg
1797,AMLOPIN COMBO,Kapsule,(10+10)mg
1796,AMLOPIN COMBO,Kapsule,(10+5)mg
1795,AMLOPIN COMBO,Kapsule,(5+10)mg
1794,AMLOPIN COMBO,Kapsule,(5+5)mg
1793,AMLOPIN COMBO,Kapsule,"(2,5+5)mg"
1792,SPIRIVA RESPIMAT,rastvor za inhalaciju,"2,5mcg/dozi"
1791,MIRAPEXIN,Tablete sa produž.oslobaðanjem,"3,15mg"
1790,MIRAPEXIN,Tablete sa produž.oslobaðanjem,"2,1mg"
1789,MIRAPEXIN,Tablete sa produž.oslobaðanjem,"1,05mg"
1788,MIRAPEXIN,Tablete sa produž.oslobaðanjem,"0,52mg"
1787,MIRAPEXIN,Tablete sa produž.oslobaðanjem,"0,26mg"
1786,SABACOMB,"stlaèeni inhalat, suspenzija",(250+100)mcg/dozi
1785,EUCREAS,Film tablete,(50+1000)mg
1784,EUCREAS,Film tablete,(50+850)mg
1783,VISUS PLUS,Kapi za oèi,(50mcg+5mg)/ml
1782,RISEDON,Film tablete,2 mg
1781,LAMOTRIGIN LEK,Tablete,100 mg
1780,LAMOTRIGIN LEK,Tablete,50 mg
1779,LAMOTRIGIN LEK,Tablete,25 mg
1778,IBANDRONAT LEK,Film tablete,150 mg
1777,PIRAMIL,Tablete,5 mg
1776,SALDISK,Prašak za inhalaciju,(50+500) mikrograma/ doza
1775,SALDISK,Prašak za inhalaciju,(50+250) mikrograma/ doza
1774,SALDISK,Prašak za inhalaciju,(50+100) mikrograma/ doza
1773,NIFUROKSAZID ALKALOID,Oralna suspenzija,200 mg / 5 ml
1772,NIFUROKSAZID ALKALOID,Kapsule,200 mg
1771,BLOXMAX forte,Film tablete,400 mg
1770,BLOKMAX forte,Film tablete,400 mg
1769,BLOKMAX za djecu,Sirup,100 mg/ 5 ml
1768,DEMEPRAZOL,Kapsule,20 mg
1767,SPYRO,Prašak za inhalaciju,(50+500) mikrograma/ doza
1766,SPYRO,Prašak za inhalaciju,(50+250) mikrograma/ doza
1765,SPYRO,Prašak za inhalaciju,(50+100) mikrograma/ doza
1764,ENALAPRIL HCT,Tablete,(20+6) mg
1763,ENALAPRIL HCT,Tablete,"20 mg+12,5 mg"
1762,ENALAPRIL,Tablete,20 mg
1761,ENALAPRIL,Tablete,10 mg
1760,PROMASS,Tablete,70 mg
1759,Faktor koagulacije IX,Prašak i rastvaraè za rastv.za inj.,1000 i.j.
1758,SEEBRI BREEZHALER,Prašak za inh.u tvrdoj kapsuli,44 mcg
1757,BRONHIAL 500/50,Prašak za inhalaciju,(50+500) mikrograma/ doza
1756,BRONHIAL 250/50,Prašak za inhalaciju,(50+250) mikrograma/ doza
1755,IFIRMACOMBI,Film tablete,"(300+12,5)mg"
1754,IFIRMACOMBI,Film tablete,"(300+12,5)mg"
1753,IFIRMACOMBI,Film tablete,"(150+12,5)mg"
1752,IFIRMACOMBI,Film tablete,"(150+12,5)mg"
1751,ZYLLT,Film tablete,75 mg
1750,NOLPAZA,Gastrorez.tableta,40 mg
1749,NOLPAZA,Gastrorez.tableta,20 mg
1748,ASENTRA,Film tablete,100 mg
1747,ASENTRA,Film tablete,50 mg
1746,AMPRIL HD,Tablete,5 mg+25 mg
497,LOPROFIN BRAŠNO,,
1745,AMPRIL HL,Tablete,"2,5 mg+12,5 mg"
1744,AMPRIL,Tablete,10 mg
1743,AMPRIL,Tablete,5 mg
1742,THYROZOL,Tablete,20 mg
1741,CONCOR,Film tablete,5 mg
1740,CONCOR COR,Film tablete,"2,5 mg"
1739,EUTHYROX,Tablete,100 mcg
1738,EUTHYROX,Tablete,100 mcg
1737,EUTHYROX,Tablete,"0,05 mg"
1736,EUTHYROX,Tablete,"0,05 mg"
1735,LERCANIL,Film tablete,10 mg
1734,OMNITROPE,Rastvor za injekciju,"10 mg/ 1,5 ml"
510,LP-DRINK,,
1733,OMNITROPE,Rastvor za injekciju,"5 mg/ 1,5 ml"
1732,RISSAR,Film tablete,1 mg
1731,BICALOX,Film tablete,50 mg
1730,LETRASAN,Film tablete,"2,5 mg"
515,HARIFEN,,
1729,PANGROL,Kapsule,(25.000+18.000+1.000) i.j.
1728,ADVAGRAF,Kapsule sa produž.djelovanjem,5 mg
1727,ADVAGRAF,Kapsule sa produž.djelovanjem,3 mg
519,APROTEN BRAŠNO,,
1726,ADVAGRAF,Kapsule sa produž.djelovanjem,1 mg
521,L-KARNITIN,,
522,HAMMERMUHLE BRAŠNO-PKU,,
1725,ADVAGRAF,Kapsule sa produž.djelovanjem,"0,5 mg"
1724,XARELTO,Film tablete,20 mg
525,MILUPA BASIC-P,,
1723,XARELTO,Film tablete,15 mg
1722,SUBOXONE,Sublingvalne tablete,(8+2)mg
1721,SUBOXONE,Sublingvalne tablete,"(2+0,5)mg"
1720,LYXUMIA,Rastvor za injekciju,"20mcg/0,2ml"
1719,LYXUMIA,Rastvor za injekciju,"10mcg/0,2ml"
1718,OLANZAPIN PharmaS,Raspadljive tablete za usta,10 mg
1717,OLANZAPIN PharmaS,Raspadljive tablete za usta,5 mg
1716,OLANZAPIN Genera,Raspadljive tablete za usta,10 mg
1715,OLANZAPIN Genera,Raspadljive tablete za usta,5 mg
1714,OLANDIX,Raspadljive tablete za usta,10 mg
1713,OLANDIX,Raspadljive tablete za usta,5 mg
1712,VAIRA-V,Raspadljive tablete za usta,10 mg
1711,VAIRA-V,Raspadljive tablete za usta,5 mg
1710,ZALASTA Q Tab,Raspadljive tablete za usta,10 mg
1709,ZALASTA Q Tab,Raspadljive tablete za usta,5 mg
1708,SEEBRI BREEZHALER,Prašak za inh.u tvrdoj kapsuli,63 mcg
1707,REQUIP MODUTAB,Tablete sa produž.oslobaðanjem,8 mg
1706,REQUIP MODUTAB,Tablete sa produž.oslobaðanjem,4 mg
1705,REQUIP MODUTAB,Tablete sa produž.oslobaðanjem,2 mg
1704,ROLPRYNA SR,Tablete sa produž.oslobaðanjem,8 mg
1703,ROLPRYNA SR,Tablete sa produž.oslobaðanjem,4 mg
1702,ROLPRYNA SR,Tablete sa produž.oslobaðanjem,2 mg
1701,GENOTROPIN,Rastvor za injekciju,12mg/ml
1700,MONOPRIL PLUS,Tablete,"20 mg+12,5 mg"
1699,LERKANIDIPIN Lek,Film tablete,20 mg
1698,LERKANIDIPIN Lek,Film tablete,10 mg
1697,LERKANIDIPIN Actavis,Film tablete,20 mg
1696,LERKANIDIPIN Actavis,Film tablete,10 mg
1695,LERCANIL,Film tablete,20 mg
1694,LERCANIL,Film tablete,10 mg
1691,FAKTOR KOAGULACIJE VIII,Rastvor za injekciju,1.000 i.j.
1688,PINOX,Film tablete,10 mg
1687,CORNELIN,Film tablete,20 mg
1686,MONOPRIL,Tablete,10 mg
1685,CORNELIN,Film tablete,10 mg
1684,BUDOSAN,Kapsule,3 mg
1683,VIPDOMET,Film tablete,"(12,5+1000)mg"
1682,VIPDOMET,Film tablete,"(12,5+850)mg"
1681,VIPIDIA,Film tablete,25 mg
1680,VIPIDIA,Film tablete,"12,5 mg"
1679,LEUKOCEL,Kapsule,500 mg
1678,NIRVAX,Kapsule,400 mg
1677,NIRVAX,Kapsule,300 mg
1676,RAPRIL,Tablete,10 mg
1675,RAPRIL,Tablete,5 mg
1674,TAMIDRA,Kapsule sa produž.djelovanjem,"0,4 mg"
1673,TAMIDRA,Kapsule sa produž.djelovanjem,"0,4 mg"
1672,PRAMIPEKSOL PharmaS,Tablete,"0,7mg"
1671,PRAMIPEKSOL PharmaS,Tablete,"0,18mg"
1670,ERITROMICIN,Film tablete,500 mg
1669,OPRYMEA,Tablete,"0,7mg"
1668,OPRYMEA,Tablete,"0,18mg"
1667,MIRAPEXIN,Tablete,"0,7mg"
1666,MIRAPEXIN,Tablete,"0,18mg"
1665,ZYPREXA,Film tablete,10 mg
1664,ZYPREXA,Film tablete,5 mg
1663,ZAPIN,Film tablete,10 mg
1662,ZAPIN,Film tablete,5 mg
1661,SIZAP,Film tablete,10 mg
1660,SIZAP,Film tablete,5 mg
1659,OLFREX,Film tablete,10 mg
1658,OLFREX,Film tablete,5 mg
1657,OLANZAPIN Replekfarm,Film tablete,10 mg
1656,OLANZAPIN Replekfarm,Film tablete,5 mg
1655,OLAFFAR,Film tablete,10 mg
1654,OLAFFAR,Film tablete,5 mg
1653,TREANA,Film tablete,10 mg
1652,TREANA,Film tablete,5 mg
1651,CO-IRDA,Film tablete,"(150+12,5)mg"
1650,IRBENIDA HL,Film tablete,"(300+12,5)mg"
1649,IRBENIDA H,Film tablete,"(150+12,5)mg"
1648,IRACOR,Film tablete,300 mg
1647,IRACOR,Film tablete,150 mg
1646,IRBENIDA,Film tablete,300 mg
1645,IRBENIDA,Film tablete,150 mg
1644,TYRAQ,Tablete,100 mcg
1643,TYRAQ,Tablete,"0,05 mg"
1642,UNITIMOLOL,Kapi za oèi,5 mg/ ml
1641,REKOVEREN,Tablete,100 mg+ 25 mg
1640,BAZETHAM,Tablete sa produž.oslobaðanjem,"0,4 mg"
1639,PRILINDA,Tablete,10 mg
1638,FREBINI ENERGY FIBRE DRINK,Teèna hrana,"1,5 kcal/ml"
1637,DUPHASTON,Film tablete,10 mg
1636,ISOPTIN,Tablete,40 mg
1635,CELLCEPT,Kapsule,250 mg
1634,SANDIMMUN NEORAL,Kapi za oralnu upotrebu,100 mg/ ml
1633,SANDIMMUN NEORAL,Kapsule,100 mg
1632,SANDIMMUN NEORAL,Kapsule,50 mg
1631,RICUS,Film tablete,4 mg
1630,RICUS,Film tablete,3 mg
1629,RICUS,Film tablete,2 mg
1628,DEGASTROL,Kapsule,30 mg
1627,RICUS,Film tablete,1 mg
1626,BEFRON,Sirup,100 mg/ 5 ml
1625,METOPROLOL ALVOGEN,Tablete,100 mg
1624,METOPROLOL ALVOGEN,Tablete,50 mg
1623,BICAPROST,Film tablete,50 mg
1622,TRACSUS,Kapsule,5 mg
1621,TRACSUS,Kapsule,1 mg
1620,TRACSUS,Kapsule,"0,5 mg"
1619,ALVOSTAN,Obložene tablete,25 mg
1618,DUODART,Kapsule,"(0,5+0,4)mg"
1617,MACMIROR COMPLEX,Vaginalne kapsule,200 000ij+500mg
1616,DUOPLAVIN,Film tablete,(75+100)mg
1615,ONBREZ Breezhaler,Prašak za inh.u tvrdoj kapsuli,300 mcg
1614,ONBREZ Breezhaler,Prašak za inh.u tvrdoj kapsuli,150 mcg
1613,TRILEPTAL,Film tablete,600 mg
1612,TRILEPTAL,Film tablete,300 mg
1611,EXMAL,Film tablete,600 mg
1610,EXMAL,Film tablete,300 mg
1609,AFLODERM,Mast,"0,5 mg/g"
1608,AFLODERM,Krema,"0,5 mg/g"
1607,VERAPAMIL,Tablete,240 mg
1606,ELLAONE,Tablete,30 mg
1605,KLONAZEPAM,Tablete,"0,5 mg"
1604,RESPIRO,Suspenzija za inhalaciju,(25 mcg+125 mcg)/ doza
1603,RESPIRO,Suspenzija za inhalaciju,(25 mcg+50 mcg)/ doza
1602,PANTHRON,Gastrorez.tableta,40 mg
1601,SOBYCOR,Film tablete,10 mg
1600,SOBYCOR,Film tablete,5 mg
1599,SOBYCOR,Film tablete,"2,5 mg"
1598,TANYZ ERAS,Tablete sa produž.oslobaðanjem,"0,4 mg"
1597,BERLIPRIL,Tablete,20 mg
1596,QUETRA,Film tablete,1000 mg
1595,QUETRA,Film tablete,250 mg
1594,QUETRA,Film tablete,500 mg
1593,MENDILEX,Tablete,2 mg
1592,EXEDRAL,Obložene tablete,25 mg
1591,BIKALUTAMID JGL,Film tablete,50 mg
1590,BIKALUTAMID JGL,Film tablete,150 mg
1589,AIRFLUSAL FORSPIRO,Prašak za inhalaciju,(50+500) mikrograma/ doza
1588,AIRFLUSAL FORSPIRO,Prašak za inhalaciju,(50+250) mikrograma/ doza
1587,STAGE,Film tablete,10 mg
1586,STAGE,Film tablete,20 mg
1585,STAGE,Film tablete,40 mg
1584,VISUS,Kapi za oèi,50 mcg/ml
1583,BELAROM,Kapi za oèi,20 mg/ ml
1582,SILETRIS,Film tablete,"2,5 mg"
1581,PEPTIX,Gastrorez. kapsula,20 mg
1580,PEPTIX,Gastrorez. kapsula,20 mg
1579,PEPTIX,Gastrorez. kapsula,20 mg
1578,PEPTIX,Gastrorez. kapsula,40 mg
1577,PEPTIX,Gastrorez. kapsula,40 mg
1576,PEPTIX,Gastrorez. kapsula,40 mg
1575,NAVARIN XR,Tablete sa produž.oslobaðanjem,333 mg + 145 mg
1574,PRILINDA PLUS,Tablete,"2,5 mg+12,5 mg"
1573,PRILINDA PLUS,Tablete,5 mg+25 mg
1572,ACIKLOVIR,Masti za oèi,30 mg/g
1571,LORDES,Sirup,"0,5 mg/ml"
1570,EPROSTA,Film tablete,5 mg
1569,ATTERA,Film tablete,75 mg
1568,BERLIPRIL PLUS,Tablete,10 mg + 25 mg
1567,TRANDOLAPRIL GENERA,Kapsule,"0,5 mg"
1566,TRANDOLAPRIL GENERA,Kapsule,2 mg
1565,TRANDOLAPRIL GENERA,Kapsule,4 mg
1564,BERLIPRIL,Tablete,10 mg
1563,TENSEC,Film tablete,5 mg
1562,TENSEC,Film tablete,10 mg
1561,GLIMEPIRID PharmaS,Tablete,3 mg
1560,GLIMEPIRID PharmaS,Tablete,2 mg
1559,MADOPAR HBS,Kapsule,100 mg+ 25 mg
1558,MADOPAR,Tablete,100 mg+ 25 mg
1557,BACTRIM,Tablete,400 mg + 80 mg
1556,RIVOTRIL,Tablete,"0,5 mg"
1555,GASTROLOC,Gastrorez.tableta,20 mg
1554,GASTROLOC,Gastrorez.tableta,40 mg
1553,RESPIRO,Suspenzija za inhalaciju,(25 mcg+250 mcg)/ doza
1552,NUTRIDRINK,Teèna hrana,"1,5 kcal/ml"
1551,TRAJENTA,Film tablete,5 mg
1550,GALVUS,Tablete,50 mg
1549,JANUVIA,Film tablete,100 mg
1548,SIOFOR,Film tablete,1000 mg
1547,SIOFOR,Film tablete,1000 mg
1546,METFORMIN ZENTIVA,Film tablete,1000 mg
1545,METFORMIN ZENTIVA,Film tablete,1000 mg
1544,METFOGAMMA,Film tablete,1000 mg
1543,GLUFORMIN,Film tablete,1000 mg
1542,GLUCONORM,Film tablete,1000 mg
1541,GLUCONORM,Film tablete,1000 mg
1540,AGLIKEM,Film tablete,1000 mg
1539,TRODON,Tablete sa produž.oslobaðanjem,100 mg
1538,CIKLOSPORIN ALKALOID,Kapsule,50 mg
1537,CIKLOSPORIN ALKALOID,Kapsule,25 mg
1536,CIKLOSPORIN ALKALOID,Kapi za oralnu upotrebu,100 mg/ ml
1535,CIOSPRIN,Kapsule,100 mg
1534,SANDIMMUN NEORAL,Kapsule,50 mg
1533,SANDIMMUN NEORAL,Kapsule,25 mg
1532,DIPRIAN,Tablete,80 mg
1531,SANDIMMUN NEORAL,Kapsule,100 mg
1530,SANDIMMUN NEORAL,Kapi za oralnu upotrebu,100 mg/ ml
1529,RAPAMUNE,Film tablete,1 mg
1528,CELLCEPT,Kapsule,250 mg
1527,MYFORTIC,Gastrorez.tableta,360 mg
1526,TRIXIN,Kapsule,250 mg
1525,MYFORTIC,Gastrorez.tableta,180 mg
1524,PROGRAF,Kapsule,5 mg
1523,PROGRAF,Kapsule,"0,5 mg"
1522,PROGRAF,Kapsule,1 mg
1521,BISOCOR,Film tablete,10 mg
1520,BISOCOR,Film tablete,5 mg
1519,BISOCOR,Film tablete,10 mg
1518,BISOCOR,Film tablete,5 mg
1517,PANDEV,Gastrorez.tableta,40 mg
1516,PANDEV,Gastrorez.tableta,40 mg
1515,PANDEV,Gastrorez.tableta,20 mg
1514,PANDEV,Gastrorez.tableta,20 mg
1513,TRAMADOL JAKA,Kapsule,50 mg
1512,BISOPROLOL JAKA,Film tablete,10 mg
1511,BISOPROLOL JAKA,Film tablete,5 mg
1510,BISOPROLOL JAKA,Film tablete,"2,5 mg"
1509,TACNI,Kapsule,5 mg
1508,TACNI,Kapsule,1 mg
1507,TACNI,Kapsule,"0,5 mg"
1506,EQUORAL,Kapi za oralnu upotrebu,100 mg/ ml
1505,EQUORAL,Kapsule,100 mg
1504,EQUORAL,Kapsule,50 mg
1503,EQUORAL,Kapsule,25 mg
1502,CIOSPRIN,Kapsule,50 mg
1501,CIOSPRIN,Kapsule,25 mg
1500,CIKLOSPORIN ALKALOID,Kapsule,100 mg
1499,ERITROMICIN,Film tablete,250 mg
1498,ERITROMICIN,Film tablete,500 mg
1497,AGLIKEM,Film tablete,500 mg
1496,ALOPURINOL,Tablete,300 mg
1495,ENAP HL,Tablete,"10 mg+12,5 mg"
1494,ENAP H,Tablete,10 mg + 25 mg
1493,ENAP,Tablete,20 mg
1492,ENAP,Tablete,10 mg
1491,ESCEPRAN,Obložene tablete,25 mg
1490,VITOPRIL,Tablete,20 mg
1489,VITOPRIL,Tablete,10 mg
1488,AGLIKEM,Film tablete,500 mg
1487,ALOPURINOL,Tablete,100 mg
1486,MONIZOL,Tablete,20 mg
1485,PROPAFEN,Film tablete,150 mg
1484,PROPAFEN,Film tablete,300 mg
1483,FLUSAL-250 HFA INHALER,Suspenzija za inhalaciju,(25 mcg+250 mcg)/ doza
1482,FLUSAL-250 HFA INHALER,Suspenzija za inhalaciju,(25 mcg+250 mcg)/ doza
1481,FLUSAL-125 HFA INHALER,Suspenzija za inhalaciju,(25 mcg+125 mcg)/ doza
1480,FLUSAL-125 HFA INHALER,Suspenzija za inhalaciju,(25 mcg+125 mcg)/ doza
1479,FLUSAL-50 HFA INHALER,Suspenzija za inhalaciju,(25 mcg+50 mcg)/ doza
1478,FLUSAL-50 HFA INHALER,Suspenzija za inhalaciju,(25 mcg+50 mcg)/ doza
1477,MONIZOL,Tablete,40 mg
1476,LIZINOPRIL HCT,Tablete,"20 mg+12,5 mg"
1475,LIZINOPRIL HCT,Tablete,"10 mg+12,5 mg"
1474,PRAMIPEKSOL PharmaS,Tablete,1 mg
1473,PRAMIPEKSOL PharmaS,Tablete,"0,25 mg"
1472,LORTANDA,Film tablete,"2,5 mg"
1471,TINTAROS,Film tablete,40 mg
1470,TINTAROS,Film tablete,20 mg
1469,TINTAROS,Film tablete,10 mg
1468,ATOLIP,Film tablete,20 mg
1467,ATOLIP,Film tablete,10 mg
1466,CHOLIPAM,Film tablete,10 mg
1465,CHOLIPAM,Film tablete,20 mg
1464,LIZINOPRIL H GENERA,Tablete,"10 mg+12,5 mg"
1463,LIZINOPRIL H GENERA,Tablete,"20 mg+12,5 mg"
1462,PRILENAP HL,Tablete,"10 mg+12,5 mg"
1461,PRILENAP H,Tablete,10 mg + 25 mg
1460,PRILENAP,Tablete,20 mg
1459,PRILENAP,Tablete,10 mg
1458,VAZOTAL,Tablete,10 mg
1457,VAZOTAL,Tablete,5 mg
1456,NORFLOXACIN,Tablete,400 mg
1455,XALAVISTA,Kapi za oèi,50 mcg/ml
1454,TINALVO,Film tablete,1000 mg
1453,TINALVO,Film tablete,500 mg
1452,TINALVO,Film tablete,250 mg
1451,RAMIPRIL GENERA,Tablete,10 mg
1450,ALVOTADIN,Sirup,"0,5 mg/ml"
1449,ALVOTADIN,Sirup,"0,5 mg/ml"
1448,BONAIR HFA INHALER,Suspenzija za inhalaciju,100 mcg/ doza
1447,LEVETIRACETAM LEK,Film tablete,500 mg
1446,LEVETIRACETAM LEK,Film tablete,500 mg
1445,LEVETIRACETAM LEK,Film tablete,250 mg
1444,LEVETIRACETAM LEK,Film tablete,250 mg
1443,LEVETIRACETAM LEK,Film tablete,1000 mg
1442,LEVETIRACETAM LEK,Film tablete,1000 mg
1441,ALVODRONIC,Film tablete,150 mg
1440,DUTAPROST,Meke kapsule,"0,5 mg"
1439,TAMSULOZIN PharmaS,Kapsule sa produž.djelovanjem,"0,4 mg"
1438,RAMIPRIL GENERA,Tablete,5 mg
1437,LIZINOPRIL GENERA,Tablete,20 mg
1436,NOLVADEX,Tablete,10 mg
1435,LIZINOPRIL GENERA,Tablete,10 mg
1434,SARTELO,Film tablete,100 mg
1433,SARTELO,Film tablete,50 mg
1432,SARTELO,Film tablete,25 mg
1431,ALDACTONE,Tablete,25 mg
1430,MAPROTILIN,Film tablete,50 mg
1429,ATENOLOL,Tablete,100 mg
1428,MEBENDAZOL,Tablete,100 mg
1427,FOSTER,Prašak za inhalaciju,(100+6) mcg/ dozi
1426,FOSTER,Prašak za inhalaciju,(100+6) mcg/ dozi
1425,SYMBICORT TURBUHALER,Prašak za inhalaciju,"(160+4,5) mcg/ dozi"
1424,SYMBICORT TURBUHALER,Prašak za inhalaciju,"(80+4,5) mcg/ dozi"
1423,SYMBICORT TURBUHALER,Prašak za inhalaciju,"(160+4,5) mcg/ dozi"
1422,SYMBICORT TURBUHALER,Prašak za inhalaciju,(320+9) mcg/ dozi
1421,SYMBICORT TURBUHALER,Prašak za inhalaciju,"(80+4,5) mcg/ dozi"
1420,SERETIDE,Suspenzija za inhalaciju,(25 mcg+250 mcg)/ doza
1419,NIFELAT RETARD,Tablete sa produž.oslobaðanjem,20 mg
1418,SERETIDE,Suspenzija za inhalaciju,(25 mcg+125 mcg)/ doza
1417,SERETIDE,Suspenzija za inhalaciju,(25 mcg+50 mcg)/ doza
1416,SERETIDE DISCUS,Prašak za inhalaciju,(50+500) mikrograma/ doza
1415,SERETIDE DISCUS,Prašak za inhalaciju,(50+250) mikrograma/ doza
1414,SERETIDE DISCUS,Prašak za inhalaciju,(50+100) mikrograma/ doza
1413,ROVASTA,Film tablete,20 mg
1412,ROVASTA,Film tablete,10 mg
1411,ENALAPRIL,Tablete,10 mg
1410,ENALAPRIL,Tablete,20 mg
1409,MAPROTILIN,Film tablete,25 mg
1408,ROVASTA,Film tablete,5 mg
1407,ARTAMIN,Kapsule,250 mg
1406,RAMIPRIL JGL,Tablete,10 mg
1405,RAMIPRIL JGL,Tablete,5 mg
1404,KLOPIDOGREL PharmaS,Film tablete,75 mg
1403,PANTOPRAZOL Hemofarm,Gastrorez.tableta,40 mg
1402,PANTOPRAZOL Hemofarm,Gastrorez.tableta,40 mg
1401,PANTOPRAZOL Hemofarm,Gastrorez.tableta,20 mg
1400,PANTOPRAZOL Hemofarm,Gastrorez.tableta,20 mg
1399,PAROXIN,Film tablete,20 mg
1398,PAROKSETIN,Film tablete,20 mg
1397,DUTASTERID,Meke kapsule,"0,5 mg"
1396,CADIL,Tablete,"12,5 mg"
1395,CADIL,Tablete,"6,25 mg"
1394,CADIL,Tablete,25 mg
1393,SIN 4,Tablete,4 mg
1392,DILACOR,Tablete,"0,25 mg"
1391,ESOMEPRAZOL Farmal,Tablete,40 mg
1390,ESOMEPRAZOL Farmal,Tablete,40 mg
1389,ESOMEPRAZOL Farmal,Tablete,20 mg
1388,ESOMEPRAZOL Farmal,Tablete,20 mg
1387,ESOMEPRAZOL Alvogen,Tablete,20 mg
1386,ESOMEPRAZOL Alvogen,Tablete,40 mg
1385,ZOPRAX,Gastrorez.tableta,40 mg
1384,ZOPRAX,Gastrorez.tableta,20 mg
1383,ACIPAN,Gastrorez.tableta,40 mg
1382,ACIPAN,Gastrorez.tableta,40 mg
1381,ACIPAN,Gastrorez.tableta,20 mg
1380,ACIPAN,Gastrorez.tableta,20 mg
1379,TRAMADOL Farmal,Tablete sa produž.oslobaðanjem,200 mg
1378,TRAMADOL Farmal,Tablete sa produž.oslobaðanjem,150 mg
1377,TRAMADOL Farmal,Tablete sa produž.oslobaðanjem,100 mg
1376,MILENOL,Tablete,"6,25 mg"
1375,LADIOMIL,Film tablete,50 mg
1374,GLUFORMIN ER,Film tablete,500 mg
1373,LOSARTAN,Film tablete,100 mg
1372,LOSARTAN,Film tablete,50 mg
1371,KARVEDILOL,Tablete,25 mg
1370,KARVEDILOL,Tablete,"12,5 mg"
1369,KARVEDILOL,Tablete,"6,25 mg"
1368,DILOXOL,Film tablete,75 mg
1367,OPRYMEA,Tablete,1 mg
1366,OPRYMEA,Tablete,"0,25 mg"
1365,IBUPROFEN,Sirup,100 mg/ 5 ml
1364,LARINEO,Kapsule,2 mg
1363,LARINEO,Kapsule,"0,5 mg"
1362,REVIL,Tablete,10 mg
1361,REVIL,Tablete,5 mg
1360,REVIL,Tablete,"2,5 mg"
1359,HALOPERIDOL,Tablete,10 mg
1358,HALOPERIDOL,Tablete,2 mg
1357,KLOMID,Tablete,10 mg
1356,KLOPIDOGREL GENERA,Film tablete,75 mg
1355,DIPRESAN,Film tablete,20 mg
1354,HIPOLIP,Film tablete,10 mg
1353,HIPOLIP,Film tablete,20 mg
1352,HIPOLIP,Film tablete,40 mg
1351,ARTAS,Film tablete,40 mg
1350,ARTAS,Film tablete,20 mg
1349,ARTAS,Film tablete,10 mg
1348,BROMOKRIPTIN,Tablete,"2,5 mg"
1347,MONOPIN,Film tablete,4 mg
1346,LYBROL,Film tablete,10 mg
1345,LYBROL,Film tablete,5 mg
1344,RESPEKT,Film tablete,75 mg
1343,VISOBAR,Kapi za oèi,50 mcg/ml
1342,TRAGAL,Film tablete,50 mg
1341,TRAGAL,Film tablete,100 mg
1340,TRALIN,Film tablete,50 mg
1339,LARIN,Tablete,25 mg
1338,LARIN,Tablete,50 mg
1337,LARIN,Tablete,100 mg
1336,ALEFOSS,Tablete,70 mg
1335,ANASTRAZE,Film tablete,1 mg
1334,FINASTERID PharmaS,Film tablete,5 mg
1333,ASTAX,Film tablete,40 mg
1332,ASTAX,Film tablete,20 mg
1331,ASTAX,Film tablete,10 mg
1330,REVIL PLUS,Tablete,"2,5 mg+12,5 mg"
1329,REVIL PLUS,Tablete,5 mg+25 mg
1328,VITOPRIL,Tablete,20 mg
1327,VITOPRIL,Tablete,10 mg
1326,VITOPRIL,Tablete,5 mg
1325,ENAZIL,Tablete,5 mg
1324,ENAZIL,Tablete,20 mg
1323,ENAZIL,Tablete,10 mg
1322,LYBROL,Film tablete,"2,5 mg"
1321,ANGICLOD,Film tablete,75 mg
1320,REPAGLINID PharmaS,Tablete,1 mg
1319,REPAGLINID PharmaS,Tablete,"0,5 mg"
1318,REPAGLINID PharmaS,Tablete,2 mg
1317,SUCRYL,Tablete,2 mg
1316,SUCRYL,Tablete,1 mg
1315,MANINIL,Tablete,5 mg
1314,ULKCOREKS,Gastrorez.tableta,40 mg
1313,ULCOREKS,Gastrorez.tableta,40 mg
1312,TARGET PLUS,Kapsule,20 mg
1311,RANTIN,Film tablete,300 mg
1310,RANTIN,Film tablete,150 mg
1309,AVOMIT,Film tablete,"2,5 mg"
1308,LORDES,Sirup,"0,5 mg/ml"
1307,AMINOFILIN RETARD,Tablete sa produž.oslobaðanjem,350 mg
1306,SEMGLEE,rastvor za injekciju u napunjenoj brizga,100 i.j./ml
1305,AMINOFILIN,Tablete,100 mg
1304,RISPEN,Film tablete,3 mg
1303,RISPEN,Film tablete,2 mg
1302,RISPEN,Film tablete,1 mg
1301,RISPEN,Film tablete,4 mg
1300,NYPERO,Film tablete,2 mg
1299,NYPERO,Film tablete,1 mg
1298,NYPERO,Film tablete,"0,5 mg"
1297,NYPERO,Film tablete,"0,25 mg"
1296,NYPERO,Film tablete,5 mg
1295,LYVAM,Film tablete,1000 mg
1294,LYVAM,Film tablete,500 mg
1293,LYVAM,Film tablete,250 mg
1292,BONNEDRA,Film tablete,150 mg
1291,ENALAPRIL HCT,Tablete,"20 mg+12,5 mg"
1290,ENALAPRIL HCT,Tablete,10 mg + 25 mg
1289,NITROGLICERIN,Sublingvalne tablete,"0,5 mg"
1288,KLOGREL,Film tablete,75 mg
1287,MELASA,Tablete,500 mg
1286,MELASA,Tablete,500 mg
1285,SIDATA,Film tablete,100 mg
1284,SIDATA,Film tablete,50 mg
1283,TOPIROZ,Tablete,200 mg
1282,TOPIROZ,Tablete,100 mg
1281,TOPIROZ,Tablete,50 mg
1280,TOPIROZ,Tablete,25 mg
1279,VALORA,Tablete,70 mg
1278,LIPOSTAX,Film tablete,40 mg
1277,LIPOSTAX,Film tablete,20 mg
1276,LIPOSTAX,Film tablete,10 mg
1275,ATORVASTATIN GENERA,Film tablete,40 mg
1274,ATORVASTATIN GENERA,Film tablete,20 mg
1273,ATORVASTATIN GENERA,Film tablete,10 mg
1272,ATORVASTATIN GENERA,Film tablete,10 mg
1271,LORIL,Tablete,20 mg
1270,ATORVASTATIN GENERA,Film tablete,20 mg
1269,NITROGLICERIN,Sublingvalne tablete,"0,5 mg"
1268,NOFOCIN,Tablete,400 mg
1267,LOSARTAN H GENERA,Film tablete,"50 mg+12,5 mg"
1266,LOTAN,Film tablete,50 mg
1265,LOSARTAN GENERA,Film tablete,50 mg
1264,AMLODIPIN GENERA,Tablete,5 mg
1263,LORIL,Tablete,5 mg
1262,AMLODIPIN GENERA,Tablete,5 mg
1261,AMLODIPIN GENERA,Tablete,10 mg
1260,AMLODIPIN GENERA,Tablete,10 mg
1259,METFORMIN ZENTIVA,Film tablete,500 mg
1258,METFORMIN ZENTIVA,Film tablete,850 mg
1257,AMINOFILIN,Tablete sa produž.oslobaðanjem,350 mg
1256,METFORMIN ZENTIVA,Film tablete,850 mg
1255,PANTOPRAZOL GENERA,Gastrorez.tableta,40 mg
1254,PANTOPRAZOL GENERA,Gastrorez.tableta,40 mg
1253,PANTOPRAZOL GENERA,Gastrorez.tableta,20 mg
1252,PANTOPRAZOL GENERA,Gastrorez.tableta,20 mg
1251,ENAZIL PLUS,Tablete,"20 mg+12,5 mg"
1250,UNILAT,Kapi za oèi,50 mcg/ml
1249,KARBAMAZEPIN,Tablete,200 mg
1248,5-ASA,Obložene tablete,250 mg
1247,ALDRON,Tablete,70 mg
1246,PULCET,Gastrorez.tableta,20 mg
1245,5-ASA,Supozitorije,250 mg
1244,PULCET,Gastrorez.tableta,20 mg
1243,DOLAP,Kapsule,2 mg
1242,DIUNORM,Tablete,25 mg
1241,DOLAP,Kapsule,"0,5 mg"
1240,DOLAP,Kapsule,"0,5 mg"
1239,FERZADA,Tablete za žvakanje,100 mg
1238,TIACID,Film tablete,600 mg
1237,GLIKOSAN,Tablete,80 mg
1236,ESSO,Gastrorez. kapsula,20 mg
1235,ESSO,Gastrorez. kapsula,40 mg
1234,ESSO,Gastrorez. kapsula,20 mg
1233,ESSO,Gastrorez. kapsula,40 mg
1232,RANITIDIN,Film tablete,150 mg
1231,LUXETA,Film tablete,50 mg
1230,ANDROCUR,Tablete,50 mg
1229,ROSUCARD,Film tablete,20 mg
1228,ROSUCARD,Film tablete,10 mg
1227,ROSUCARD,Film tablete,40 mg
1226,LATANOX,Kapi za oèi,50 mcg/ml
1225,BIPROL,Film tablete,10 mg
1224,BIPROL,Film tablete,5 mg
1223,ARITMON,Film tablete,150 mg
1222,ARITMON,Film tablete,150 mg
1221,ARITMON,Film tablete,300 mg
1220,ARITMON,Film tablete,300 mg
1219,CLOPIX,Film tablete,75 mg
1218,NUTRINI DRINK MF,Teèna hrana,"1,5 kcal/ml"
1217,VENTRO-PANT,Gastrorez.tableta,40 mg
1216,VENTRO-PANT,Gastrorez.tableta,20 mg
1215,OPTODROP,Kapi za oèi,20 mg/ ml
1214,TRANDOLAPRIL PharmaS,Kapsule,4 mg
1213,TRANDOLAPRIL PharmaS,Kapsule,2 mg
1212,TRANDOLAPRIL PharmaS,Kapsule,"0,5 mg"
1211,SPILAK,Tablete,25 mg
1210,ESOMEPRAZOL PharmaS,Tablete,20 mg
1209,ESOMEPRAZOL PharmaS,Tablete,20 mg
1208,ESOMEPRAZOL PharmaS,Tablete,40 mg
1207,ESOMEPRAZOL PharmaS,Tablete,40 mg
1206,LETOP,Tablete,200 mg
1205,LETOP,Tablete,25 mg
1204,LETOP,Tablete,50 mg
1203,LETOP,Tablete,100 mg
1202,IBANDRONAT PharmaS,Film tablete,150 mg
1201,LETROZOMAX,Film tablete,"2,5 mg"
1200,METALCAPTASE,Film tablete,300 mg
1199,METALCAPTASE,Film tablete,150 mg
1198,GENOTROPIN,Prašak za injekciju,"5,3 mg/ml"
1197,TRILEPTAL,Oralna suspenzija,60 mg/ml
1196,KEPPRA,Film tablete,250 mg
1195,CORTEF,Tablete,10 mg
1194,BYOL,Film tablete,"2,5 mg"
1193,BISOPROLOL PharmaS,Film tablete,"2,5 mg"
1192,BISOBEL,Film tablete,"2,5 mg"
1191,BIPRESSO,Film tablete,"2,5 mg"
1190,TRICAL,Tablete,3 mg
1189,TRICAL,Tablete,1 mg
1188,MELPAMID,Tablete,3 mg
1187,MELPAMID,Tablete,1 mg
1186,MEGLIMID,Tablete,4 mg
1185,MEGLIMID,Tablete,3 mg
1184,MEGLIMID,Tablete,1 mg
1183,LIMERAL,Tablete,3 mg
1182,GLIMEPIRID HF,Tablete,4 mg
1181,GLIMEPIRID HF,Tablete,3 mg
1180,GLIMEPIRID HF,Tablete,1 mg
1179,GLIMED,Tablete,4 mg
1178,GLIMED,Tablete,3 mg
1177,GLIMED,Tablete,1 mg
1176,DIBIGLIM,Tablete,4 mg
1175,DIBIGLIM,Tablete,3 mg
1174,DIBIGLIM,Tablete,1 mg
1173,DIAMELL,Tablete,4 mg
1172,DIAMELL,Tablete,3 mg
1171,DIAMELL,Tablete,1 mg
1170,BETAGLID,Tablete,3 mg
1169,BETAGLID,Tablete,1 mg
1168,AMARYL,Tablete,3 mg
1167,AMARYL,Tablete,1 mg
1166,SALOFALK,Supozitorije,500 mg
1165,SALOFALK,Supozitorije,500 mg
1164,EMANERA,Gastrorez. kapsula,20 mg
1163,EMANERA,Gastrorez. kapsula,20 mg
1162,ATENOLOL,Tablete,100 mg
1161,EMANERA,Gastrorez. kapsula,40 mg
1160,EMANERA,Gastrorez. kapsula,40 mg
1159,SABAX,Kapsule,15 mg
1158,LARONA,Kapsule,15 mg
1157,LAPROL,Kapsule,15 mg
1156,LANZUL S,Kapsule,15 mg
1155,LANSOPROL,Kapsule,15 mg
1154,LANSOPRAZOL,Kapsule,15 mg
1153,ATORVASTATIN PharmaS,Film tablete,40 mg
1152,ATORVASTATIN PharmaS,Film tablete,20 mg
1151,ATORVASTATIN PharmaS,Film tablete,10 mg
1150,PAROKSETIN PharmaS,Film tablete,20 mg
1149,BONEZA,Tablete,"70 mg+0,07 mg"
1148,NEOFEN FORTE,Film tablete,400 mg
1147,IBUPROFEN Farmal,Film tablete,400 mg
1146,LARONA,Kapsule,30 mg
1145,PAROKSETIN,Film tablete,20 mg
1144,PHENOBARBITON,Tablete,100 mg
1143,LAMOTRIGIN PharmaS,Tablete,100 mg
1142,LAMOTRIGIN PharmaS,Tablete,50 mg
1141,LAMOTRIGIN PharmaS,Tablete,25 mg
1140,BONNA,Film tablete,35 mg
1139,ANASTROZOLE,Film tablete,1 mg
1138,TEGRETOL CR,Tablete sa produž.oslobaðanjem,400 mg
1137,BISOPROLOL PharmaS,Film tablete,10 mg
1136,BISOPROLOL PharmaS,Film tablete,5 mg
1135,MATHADOR,Tablete,100 mg
1134,MATHADOR,Tablete,50 mg
1133,CARDOGREL,Film tablete,75 mg
1132,REQUIP,Film tablete,"0,25 mg"
1131,AMLODIPIN PharmaS,Tablete,10 mg
1130,AMLODIPIN PharmaS,Tablete,5 mg
1129,SIMVASTATIN PharmaS,Film tablete,10 mg
1128,SIMVASTATIN PharmaS,Film tablete,20 mg
1127,RAMIPRIL PharmaS,Tablete,"2,5 mg"
1126,RAMIPRIL PharmaS,Tablete,5 mg
1125,NORMABEL,Tablete,10 mg
1124,TIRAMAT,Tablete,25 mg
1123,TIRAMAT,Tablete,50 mg
1122,TEGRETOL,Tablete,200 mg
1121,TIRAMAT,Tablete,100 mg
1120,PERAMIT,Obložene tablete,25 mg
1119,BIKALUTAMID,Film tablete,150 mg
1118,LADIOMIL,Film tablete,25 mg
1117,VOBENOL,Tablete,"0,05 mg"
1116,RINCY,Film tablete,20 mg
1115,RINCY,Film tablete,10 mg
1114,KLOPIDEX,Film tablete,75 mg
1113,NILAR,Tablete,40 mg
1112,NILAR,Tablete,40 mg
1111,NILAR,Tablete,20 mg
1110,DAFEN,Film tablete,400 mg
1109,NILAR,Tablete,20 mg
1108,LAPROL,Kapsule,30 mg
1107,LAPROL,Kapsule,30 mg
1106,IBUPROFEN,Film tablete,400 mg
1105,IBUPROFEN,Film tablete,400 mg
1104,RUPILIP,Film tablete,40 mg
1103,RUPILIP,Film tablete,20 mg
1102,RUPILIP,Film tablete,10 mg
1101,RUPILIP,Film tablete,5 mg
1100,ROSWERA,Film tablete,40 mg
1099,ROSWERA,Film tablete,20 mg
1098,ROSWERA,Film tablete,10 mg
1097,ROSWERA,Film tablete,5 mg
1096,RAMIMED,Tablete,10 mg
1095,RAMIMED,Tablete,5 mg
1094,RAMIMED,Tablete,"2,5 mg"
1093,TOMID,Tablete,10 mg
1092,TOMID,Tablete,5 mg
1091,GLUCONORM,Film tablete,850 mg
1090,GLUCONORM,Film tablete,850 mg
1089,GLUCONORM,Film tablete,500 mg
1088,GLUCONORM,Film tablete,500 mg
1087,CHLOROPROMAZINE,Tablete,25 mg
1086,SONALIA,Film tablete,50 mg
1085,ANASTROZOL,Film tablete,1 mg
1084,DIFLUCAN,Kapsule,100 mg
1083,GLUFORMIN,Film tablete,850 mg
1082,FINPROS,Film tablete,5 mg
1081,ATORIS,Film tablete,40 mg
1080,LIPTIN,Film tablete,10 mg
1079,ISOPTIN,Tablete,80 mg
1078,ENAZIL PLUS,Tablete,10 mg + 25 mg
1077,ALFADOX,Tablete,4 mg
1076,ALFADOX,Tablete,2 mg
1075,ISOCARD,Tablete sa produž.oslobaðanjem,40 mg
1074,CLOPIGAL,Film tablete,75 mg
1073,ANTARZA,Film tablete,4 mg
1072,ANTARZA,Film tablete,4 mg
1071,ANTARZA,Film tablete,3 mg
1070,ANTARZA,Film tablete,3 mg
1069,KONVERIL PLUS,Tablete,"20 mg+12,5 mg"
1068,FLOSIN,Kapsule sa produž.djelovanjem,"0,4 mg"
1067,ROSIX,Film tablete,5 mg
1066,ROSIX,Film tablete,40 mg
1065,ROSIX,Film tablete,20 mg
1064,ROSIX,Film tablete,10 mg
1063,CARVEDIGAMMA,Tablete,25 mg
1062,CARVEDIGAMMA,Tablete,"6,25 mg"
1061,CARVEDIGAMMA,Tablete,"12,5 mg"
1060,TRICAL,Tablete,2 mg
1059,PANTOPRAZOL PharmaS,Gastrorez.tableta,40 mg
1058,PANTOPRAZOL PharmaS,Gastrorez.tableta,20 mg
1057,FARMAZOL,Gastrorez.tableta,40 mg
1056,FARMAZOL,Gastrorez.tableta,40 mg
1055,FARMAZOL,Gastrorez.tableta,20 mg
1054,FARMAZOL,Gastrorez.tableta,20 mg
1053,ANAXAL,Tablete,1 mg
1052,ANAXAL,Tablete,"0,5 mg"
1051,ANAXAL,Tablete,"0,25 mg"
1050,ZASAN,Film tablete,10 mg
1049,ZASAN,Film tablete,5 mg
1048,LISETRA,Film tablete,100 mg
1047,LISETRA,Film tablete,50 mg
1046,NOFLOX,Tablete,400 mg
1045,GALOSART PLUS,Film tablete,"50 mg+12,5 mg"
1044,GALOSART,Film tablete,50 mg
1043,ENYGLID,Tablete,2 mg
1042,ENYGLID,Tablete,2 mg
1041,ENYGLID,Tablete,1 mg
1040,DIFLUCAN,Kapsule,50 mg
1039,ENYGLID,Tablete,1 mg
1038,ENYGLID,Tablete,"0,5 mg"
1037,ENYGLID,Tablete,"0,5 mg"
1036,LETROZOL,Film tablete,"2,5 mg"
1035,DIFLUCAN,Kapsule,150 mg
1034,TRIXIN,"Kapsule, tvrde",250 mg
1033,CIOSPRIN,Meke kapsule,100 mg
1032,NORVASC,Tablete,5 mg
1031,CIKLOSPORIN  ALKALOID,Meke kapsule,50 mg
1030,CIKLOSPORIN ALKALOID,Meke kapsule,25 mg
1029,CIKLOSPORIN ALKALOID,Oralni rastvor,100 mg/ ml
1028,NOVONORM,Tablete,1 mg
1027,NOVONORM,Tablete,2 mg
1026,ESTROFEM,Tablete,2 mg
1025,NOVONORM,Tablete,"0,5 mg"
1024,SANDIMMUN NEORAL,Kapi za oralnu upotrebu,100 mg/ ml
1023,Rapamune,Film tablete,1 mg
1022,Prograf,Kapsule,1 mg
1021,SANDIMMUN NEORAL,Kapsule,100 mg
1020,Myfortic,Gastrorez.tableta,180 mg
1019,SANDIMMUN NEORAL,Kapsule,50 mg
1018,SANDIMMUN NEORAL,Kapsule,25 mg
1017,LEPONEX,Tablete,25 mg
1016,LEPONEX,Tablete,100 mg
1015,FEMARA,Film tablete,"2,5 mg"
1014,Prograf,Kapsule,5 mg
1013,Prograf,Kapsule,"0,5 mg"
1012,LIPEX,Film tablete,20 mg
1011,LIPEX,Film tablete,10 mg
1010,ANTARZA,Film tablete,2 mg
1009,ANTARZA,Film tablete,2 mg
1008,ANTARZA,Film tablete,1 mg
1007,ANTARZA,Film tablete,1 mg
1006,GABOTON,Kapsule,400 mg
1005,GABOTON,Kapsule,300 mg
1004,GABOTON,Kapsule,100 mg
1003,MIVISIA,Film tablete,1 mg
1002,BLOCOR,Film tablete,10 mg
1001,BLOCOR,Film tablete,5 mg
1000,METOCOR,Tablete,100 mg
999,METOCOR,Tablete,50 mg
998,CARDOX,Tablete sa produž.oslobaðanjem,40 mg
997,ZADARON,Tablete,200 mg
996,GLUFORMIN ER,Film tablete,500 mg
995,METOPRAN,Tablete,10 mg
994,ULZOL,Kapsule,20 mg
993,CRESTOR,Film tablete,40 mg
992,CRESTOR,Film tablete,20 mg
991,CRESTOR,Film tablete,10 mg
990,CRESTOR,Film tablete,5 mg
989,FOLIK,Tablete,5 mg
988,RAMZID,Tablete,5 mg+25 mg
987,RAMZID,Tablete,"2,5 mg+12,5 mg"
986,DIAMELL,Tablete,2 mg
985,VOBENOL,Tablete,100 mcg
984,MYFORTIC,Gastrorez.tableta,360 mg
983,LIZINOPRIL,Tablete,20 mg
982,ROPINIR,Film tablete,2 mg
981,PROPRANOLOL,Tablete,40 mg
980,ROPINIR,Film tablete,1 mg
979,ROPINIR,Film tablete,"0,25 mg"
978,EMINENS,Film tablete,5 mg
977,EMINENS,Film tablete,2 mg
976,EMINENS,Film tablete,1 mg
975,EMINENS,Film tablete,"0,25 mg"
974,KEPPRA,Film tablete,500 mg
973,KEPPRA,Film tablete,1000 mg
972,IMIGRAN,Tablete,50 mg
971,NEO PENOTRAN FORTE,Vagitorije,(750+200) mg
970,LEVETIRACETAM,Film tablete,1000 mg
969,LEVETIRACETAM,Film tablete,500 mg
968,SUMIGRA,Tablete,100 mg
967,SUMIGRA,Tablete,50 mg
966,ENTEROFURYL,Oralna suspenzija,200 mg / 5 ml
965,XARELTO,Film tablete,10 mg
964,REQUIP,Film tablete,5 mg
963,REQUIP,Film tablete,2 mg
962,REQUIP,Film tablete,1 mg
961,LEKOPTIN,Tablete,80 mg
960,RANITAL,Film tablete,150 mg
959,REQUIP,Film tablete,"0,5 mg"
958,REQUIP,Film tablete,"0,25 mg"
957,LEKOPTIN,Tablete,40 mg
956,SPIRIVA,Prašak za inh.u tvrdoj kapsuli,"0,018 mg"
955,AMYZOL,Film tablete,25 mg
954,AMYZOL,Film tablete,10 mg
953,AVAMYS,Nazalni sprej,"27,5 mcg/doza"
952,AERIUS,Sirup,"0,5 mg/ml"
951,LACIN,Film tablete,25 mg
950,GOPTEN,Kapsule,4 mg
949,AMLOPIN,Tablete,10 mg
948,LORISTA,Film tablete,25 mg
947,AMLOPIN,Tablete,5 mg
946,LOTAR,Film tablete,100 mg
945,AZOPT,Kapi za oèi,1%
944,ALVESCO,Inhalacioni rastvor pod pritiskom,160 mcg/doza
943,ALVESCO,Inhalacioni rastvor pod pritiskom,160 mcg/doza
942,ALVESCO,Inhalacioni rastvor pod pritiskom,160 mcg/doza
941,ALVESCO,Inhalacioni rastvor pod pritiskom,80 mcg/doza
940,FLONIDAN,Sirup,5 mg/ 5 ml
939,ALVESCO,Inhalacioni rastvor pod pritiskom,80 mcg/doza
938,ALVESCO,Inhalacioni rastvor pod pritiskom,80 mcg/doza
937,ACTONEL,Film tablete,35 mg
936,AGGRENOX,Kapsule sa modif.oslobað.,200 mg+25 mg
935,LORISTA,Film tablete,100 mg
934,HILOS FORT,Film tablete,100 mg
933,CASODEX,Film tablete,150 mg
932,BETALOC ZOK,Tablete sa produž.oslobaðanjem,100 mg
931,BETALOC ZOK,Tablete sa produž.oslobaðanjem,50 mg
930,BETALOC ZOK,Tablete sa produž.oslobaðanjem,25 mg
929,ENALAPRIL HCT,Tablete,(20+6) mg
928,ERYNORM,Film tablete,100 mg
927,ZONTOP,Gastrorez.tableta,40 mg
926,ZONTOP,Gastrorez.tableta,20 mg
925,ZOLPAN,Gastrorez.tableta,40 mg
924,ZOLPAN,Gastrorez.tableta,20 mg
923,ZOLPAN,Gastrorez.tableta,20 mg
922,VEDICOR,Tablete,25 mg
921,VIROLEX,Masti za oèi,30 mg/g
920,VEDICOR,Tablete,"12,5 mg"
919,VEDICOR,Tablete,"6,25 mg"
918,SIMVAX,Film tablete,20 mg
917,SIMVAX,Film tablete,20 mg
916,SIMVAX,Film tablete,10 mg
915,SIMVAX,Film tablete,10 mg
914,SIMVAX,Film tablete,40 mg
913,SIMVAX,Film tablete,40 mg
912,RANISAN,Film tablete,150 mg
911,RANISAN,Film tablete,150 mg
910,CHLORAMPHENICOL,Masti za oèi,10 mg/g
909,RANID,Film tablete,150 mg
908,RANID,Film tablete,150 mg
907,PROTECTA,Film tablete,40 mg
906,PROTECTA,Film tablete,20 mg
905,PROTECTA,Film tablete,10 mg
904,PAROXAL,Film tablete,20 mg
903,NOLPAZA,Gastrorez.tableta,40 mg
902,NOLPAZA,Gastrorez.tableta,40 mg
901,NOLPAZA,Gastrorez.tableta,20 mg
900,NOLPAZA,Gastrorez.tableta,20 mg
899,MISOL,Film tablete,50 mg
898,MISOL,Film tablete,50 mg
897,MELPAMID,Tablete,2 mg
896,MEDAZOL,Vaginalne tablete,500 mg
895,MEDAZOL,Film tablete,400 mg
894,MEDAZOL,Tablete,250 mg
893,LOPRESS,Tablete,10 mg
892,LOPRESS,Tablete,5 mg
891,LIPTIN,Film tablete,40 mg
890,LIPTIN,Film tablete,20 mg
889,LIZINOPRIL,Tablete,10 mg
888,PYRAZINAMID,Tablete,500 mg
887,LIZINOPRIL,Tablete,5 mg
886,LANSOPRAZOL,Kapsule,30 mg
885,LANSOPRAZOL,Kapsule,30 mg
884,KADRIL PLUS,Tablete,"20 mg+12,5 mg"
883,KADRIL PLUS,Tablete,10 mg + 25 mg
882,KADRIL,Tablete,20 mg
881,NOLICIN,Tablete,400 mg
880,KADRIL,Tablete,10 mg
879,KADRIL,Tablete,5 mg
878,HYPERIL PLUS,Tablete,20 mg+25 mg
877,SULFASALAZIN,Tablete,500 mg
876,HYPERIL PLUS,Tablete,"20 mg+12,5 mg"
875,HYPERIL PLUS,Tablete,"10 mg+12,5 mg"
874,HYPERIL,Tablete,20 mg
873,HYPERIL,Tablete,10 mg
872,HYPERIL,Tablete,5 mg
871,HELICOL,Kapsule,20 mg
870,LIMERAL,Tablete,2 mg
869,FOPIN,Tablete,10 mg
868,FOPIN,Tablete,5 mg
867,FLUXX,Film tablete,75 mg
866,ENOX PLUS,Tablete,5 mg+25 mg
865,ENOX PLUS,Tablete,"2,5 mg+12,5 mg"
864,ENOX,Tablete,10 mg
863,ENOX,Tablete,5 mg
862,ENOX,Tablete,"2,5 mg"
861,DIBIGLIM,Tablete,2 mg
860,BYOL,Film tablete,10 mg
859,BYOL,Film tablete,5 mg
858,BISOBEL,Film tablete,10 mg
857,BISOBEL,Film tablete,5 mg
856,AMLODIPIN,Tablete,5 mg
855,AKINETON,Tablete,2 mg
854,PROVIRSAN,Tablete,200 mg
853,PROTRADON,Kapsule,50 mg
852,PROPANORM,Film tablete,300 mg
851,PROPANORM,Film tablete,150 mg
850,MONOSAN,Tablete,40 mg
849,MONOSAN,Tablete,20 mg
848,MONOSAN,Tablete,20 mg
847,LOSEPRAZOL,Kapsule,20 mg
846,LOSEPRAZOL,Kapsule,20 mg
845,DAPRIL,Tablete,20 mg
844,DAPRIL,Tablete,10 mg
843,DAPRIL,Tablete,10 mg
842,DAPRIL,Tablete,5 mg
841,DAPRIL,Tablete,5 mg
840,SALOFALK,Tablete,500 mg
839,SALOFALK,Tablete,500 mg
838,SYNETRA,Film tablete,75 mg
837,APAURIN,Tablete,10 mg
836,REODON,Tablete,2 mg
835,REODON,Tablete,1 mg
834,REODON,Tablete,"0,5 mg"
833,PANADOL BABY,Sirup,120 mg/ 5 ml
832,OMEX,Kapsule,20 mg
831,OMEX,Kapsule,20 mg
830,OLIVIN,Tablete,20 mg
829,OLIVIN,Tablete,10 mg
828,OLIVIN,Tablete,5 mg
827,METROZOL,Film tablete,250 mg
826,CLOZAPIN LEK,Tablete,100 mg
825,CLOZAPIN LEK,Tablete,25 mg
824,VERMOX,Tablete,100 mg
823,CEPHABOS,Prašak za oralnu suspenziju,250 mg/ 5 ml
822,CEPHABOS,Kapsule,250 mg
821,CEPHABOS,Kapsule,500 mg
820,ATORVASTATIN,Film tablete,20 mg
819,ATORVASTATIN,Film tablete,10 mg
818,APILEPSIN,Obložene tablete,150 mg
817,APILEPSIN,Obložene tablete,300 mg
816,ANGIOTEC PLUS,Tablete,"20 mg+12,5 mg"
815,AMOXIBOS,Prašak za oralnu suspenziju,250 mg/ 5 ml
814,APILEPSIN,Kapi za oralnu upotrebu,300 mg/ ml
813,AMOXIBOS,Kapsule,500 mg
812,AMOXIBOS,Kapsule,250 mg
811,ALOPURINOL,Tablete,100 mg
810,VERMOX,Prašak za oralnu suspenziju,100 mg/ 5 ml
809,MODITEN,Obložene tablete,"2,5 mg"
808,MODITEN,Obložene tablete,5 mg
807,DUROGESIC,Transdermalni flaster,"100 mcg/h( 16,8 mg/42 cm)"
806,HIDROHLOROTIAZID,Tablete,25 mg
805,HALOPERIDOL KRKA,Tablete,2 mg
804,HALDOL,Tablete,10 mg
803,AVASTA,Film tablete,80 mg
802,AVASTA,Film tablete,20 mg
801,AVASTA,Film tablete,10 mg
800,SKOPRYL PLUS,Tablete,"20 mg+12,5 mg"
799,AVASTA,Film tablete,40 mg
798,TRAMAL,Tablete sa modif.oslobaðanjem,100 mg
797,TRAMAL,Tablete sa modif.oslobaðanjem,100 mg
796,TRAMAL,Supozitorije,100 mg
795,TRAMAL,Kapi za oralnu upotrebu,100 mg/ ml
794,TRAMAL,Kapsule,50 mg
793,MODURETIC,Tablete,50 mg + 5 mg
792,FENTANIL R 75,Transdermalni flaster,"75 mcg/h (7,5 mg)"
791,FENTANIL R 50,Transdermalni flaster,"50 mcg/h (5,0 mg)"
790,FENTANIL R 100,Transdermalni flaster,"100 mcg/h (10,0 mg)"
789,FENTANIL R 25,Transdermalni flaster,"25 mcg/h (2,5 mg)"
788,KAPTOPRIL,Tablete,"12,5 mg"
787,FENTANIL M 75,Transdermalni flaster,"75 mcg/h (17,34 mg)"
786,FENTANIL M 50,Transdermalni flaster,"50 mcg/h (11,56 mg)"
785,FENTANIL M 25,Transdermalni flaster,"25 mcg/h (5,78 mg)"
784,VASILIP,Film tablete,20 mg
783,FENTANIL M 100,Transdermalni flaster,"100 mcg/h (23,12 mg)"
782,ENAP HL,Tablete,"10 mg+12,5 mg"
781,ENAP H,Tablete,10 mg + 25 mg
780,FOSTER,Prašak za inhalaciju,(100+6) mcg/ dozi
779,FOSTER,Prašak za inhalaciju,(100+6) mcg/ dozi
778,A.T.10,Kapi za oralnu upotrebu,1mg/ml
777,VASILIP,Film tablete,10 mg
776,ENAP 10,Tablete,10 mg
775,A.T.10,Kapsule,"0,5 mg"
774,AROMASIN,Obložene tablete,25 mg
773,STALEVO,Film tablete,"(150+37,5+200) mg"
772,STALEVO,Film tablete,(100+25+200) mg
771,STALEVO,Film tablete,"(50+12,5+200) mg"
770,YAZ,Film tablete,"(3+0,02) mg"
769,NEO PENOTRAN,Vagitorije,(500+100) mg
768,SYMBICORT TURBUHALER,Prašak za inhalaciju,"(80+4,5) mcg/ dozi"
767,ENAP 5,Tablete,5 mg
766,SYMBICORT TURBUHALER,Prašak za inhalaciju,"(160+4,5) mcg/ dozi"
765,SYMBICORT TURBUHALER,Prašak za inhalaciju,"(80+4,5) mcg/ dozi"
764,SYMBICORT TURBUHALER,Prašak za inhalaciju,"(160+4,5) mcg/ dozi"
763,SYMBICORT TURBUHALER,Prašak za inhalaciju,(320+9) mcg/ dozi
762,KONVERIL PLUS,Tablete,"20 mg+12,5 mg"
761,ENAP-HL 20,Tablete,"20 mg+12,5 mg"
760,ENAP-HL 20,Tablete,"20 mg+12,5 mg"
759,ENALAPRIL HCT,Tablete,"20 mg+12,5 mg"
758,TRITAZIDE,Tablete,5 mg+25 mg
757,TRITAZIDE,Tablete,"2,5 mg+12,5 mg"
756,PRILEN PLUS,Tablete,5 mg+25 mg
755,KAPTOPRIL,Tablete,25 mg
754,ENAP 20,Tablete,20 mg
753,PRILEN PLUS,Tablete,"2,5 mg+12,5 mg"
752,OSPEN 1 500,Film tablete,1.500 000 i.j.
751,OSPEN 1 000,Film tablete,1.000.000 i.j.
750,APOCOR PLUS,Tablete,5 mg+25 mg
749,RAMIPRIL HCT,Tablete,"2,5 mg+12,5 mg"
748,RAMIPRIL H Farmal,Tablete,5 mg+25 mg
747,RAMIPRIL H Farmal,Tablete,"2,5 mg+12,5 mg"
746,RAMICOMP,Tablete,5 mg+25 mg
745,RAMICOMP,Tablete,"2,5 mg+12,5 mg"
744,PIRAMIL HCT,Tablete,5 mg+25 mg
743,PIRAMIL HCT,Tablete,"2,5 mg+12,5 mg"
742,AMPRIL HL,Tablete,"2,5 mg+12,5 mg"
741,AMPRIL HD,Tablete,5 mg+25 mg
740,TRAMADOL,Tablete sa modif.oslobaðanjem,200 mg
739,TRAMADOL,Tablete sa modif.oslobaðanjem,200 mg
738,TRAMADOL,Tablete sa modif.oslobaðanjem,200 mg
737,TRAMADOL,Tablete sa modif.oslobaðanjem,200 mg
736,TRAMADOL,Tablete sa modif.oslobaðanjem,200 mg
735,TRAMADOL,Tablete sa modif.oslobaðanjem,200 mg
734,TRAMADOL,Tablete sa modif.oslobaðanjem,150 mg
733,TRAMADOL,Tablete sa modif.oslobaðanjem,150 mg
732,TRAMADOL,Tablete sa modif.oslobaðanjem,150 mg
731,TRAMADOL,Tablete sa modif.oslobaðanjem,150 mg
730,TRAMADOL,Tablete sa modif.oslobaðanjem,150 mg
729,TRAMADOL,Tablete sa modif.oslobaðanjem,150 mg
728,TRAMADOL,Tablete sa modif.oslobaðanjem,100 mg
727,TRAMADOL,Tablete sa modif.oslobaðanjem,100 mg
726,TRAMADOL,Tablete sa modif.oslobaðanjem,100 mg
725,TRAMADOL,Tablete sa modif.oslobaðanjem,100 mg
724,TRAMADOL,Tablete sa modif.oslobaðanjem,100 mg
723,TRAMADOL,Tablete sa modif.oslobaðanjem,100 mg
722,LUMIDOL RETARD,Tablete sa modif.oslobaðanjem,200 mg
721,LITIJ KARBONAT,Tablete,300 mg
720,TULIP,Film tablete,40 mg
719,TRITACE,Tablete,10 mg
718,PRILEN,Tablete,10 mg
717,APOCOR,Tablete,10 mg
716,RAMIPRIL Farmal,Tablete,10 mg
715,NIFEDIPIN RETARD,Tablete sa produž.oslobaðanjem,20 mg
714,LIZINOPRIL Farmal,Tablete,20 mg
713,LIZINOPRIL Farmal,Tablete,10 mg
712,LIZINOPRIL Farmal,Tablete,5 mg
711,KUTERID S,Mast,"(0,5mg+30mg)/g"
710,EDEMID FORTE,Tablete,500 mg
709,INHIBACE PLUS,Film tablete,"5 mg+ 12,5 mg"
708,EDEMID,Tablete,40 mg
707,INHIBACE,Film tablete,5 mg
706,INHIBACE,Film tablete,"2,5 mg"
705,INHIBACE,Film tablete,1 mg
704,RAMIPRIL Farmal,Tablete,5 mg
703,RAMIPRIL Farmal,Tablete,"2,5 mg"
702,LIZINOPRIL H Farmal,Tablete,"20 mg+12,5 mg"
701,LIZINOPRIL H Farmal,Tablete,"10 mg+12,5 mg"
700,BLOXAN,Tablete,100 mg
699,CORDIPIN R,Tablete sa produž.oslobaðanjem,20 mg
698,VASILIP,Film tablete,10 mg
697,VASILIP,Film tablete,20 mg
696,CLIACIL SIRUP,Prašak za oralnu suspenziju,300.000 i.j./ 5 ml
695,RYTMONORM,Film tablete,300 mg
694,RYTMONORM,Film tablete,150 mg
693,DALSY,Sirup,100 mg/ 5 ml
692,DALSY,Sirup,100 mg/ 5 ml
691,BRUFEN,Film tablete,400 mg
690,ULCODIN,Film tablete,150 mg
689,MONIZOL R,Kapsule sa produž.djelovanjem,40 mg
688,"CLIACIL 1,2 Mega",Tablete,1.200.000 i.j.
687,SINTROM,Tablete,4 mg
686,CLIACIL,Tablete,600.000 i.j.
685,RISSAR,Film tablete,3 mg
684,RISSAR,Film tablete,2 mg
683,RISSAR,Film tablete,1 mg
682,BERLITHION,Kapsule,600 mg
681,ORAMORPH,Oralni rastvor,10 mg/5ml
680,TRITACE,Tablete,5 mg
679,TRITACE,Tablete,"2,5 mg"
678,TORVA,Film tablete,10 mg
677,TORVA,Film tablete,40 mg
676,TORVA,Film tablete,20 mg
675,TIMOLOL,Kapi za oèi,5 mg/ ml
674,TIMALEN,Kapi za oèi,5 mg/ ml
673,TAMOSIN,Kapsule sa produž.djelovanjem,"0,4 mg"
672,SKOPRYL Plus,Tablete,20 mg+25 mg
671,SKOPRYL,Tablete,20 mg
670,SKOPRYL,Tablete,10 mg
669,SKOPRYL,Tablete,5 mg
668,SETALIN,Film tablete,50 mg
667,SETALIN,Film tablete,100 mg
666,APOCOR,Tablete,5 mg
665,APOCOR,Tablete,"2,5 mg"
664,PROPAFENON,Film tablete,150 mg
663,PIGREL,Film tablete,75 mg
662,ORMIDOL,Tablete,50 mg
661,ORMIDOL,Tablete,100 mg
660,OMEZOL,Kapsule,20 mg
659,MONOZID 25,Tablete,25 mg
658,LISINOCOMP,Tablete,20 mg+25 mg
657,AMPRIL,Tablete,10 mg
656,LARGOPEN,Kapsule,500 mg
655,LARGOPEN,Prašak za oralnu suspenziju,250 mg/ 5 ml
654,LACIN,Film tablete,50 mg
653,ISOSORBIDE MN,Tablete,40 mg
652,ISOSORBIDE MN,Tablete,20 mg
651,ISOSORBIDE MN,Tablete,40 mg
650,ISOSORBIDE MN,Tablete,20 mg
649,IRUZID,Tablete,"20 mg+12,5 mg"
648,IRUZID,Tablete,"10 mg+12,5 mg"
647,IBUPROFEN,Film tablete,400 mg
646,GLIMED,Tablete,2 mg
645,GLIFOR,Film tablete,850 mg
644,GLIBEDAL,Tablete,5 mg
643,FURSEMID,Tablete,500 mg
642,FURSEMID,Tablete,40 mg
641,FOLACIN,Tablete,5 mg
640,FLUOXETIN,Kapsule,20 mg
639,FLUCON,Kapsule,150 mg
638,FLUCON,Kapsule,50 mg
637,DRONAT,Tablete,70 mg
636,DRONAT,Tablete,10 mg
635,DOXAZIN,Tablete,4 mg
634,DOXAZIN,Tablete,2 mg
633,DOKSICIKLIN,Kapsule,100 mg
632,DIAZEPAM,Tablete,10 mg
631,CORONIS,Tablete,"12,5 mg"
630,CORONIS,Tablete,"6,25 mg"
629,CORDARONE,Tablete,200 mg
628,CARVELOL,Tablete,"6,25 mg"
627,CARVELOL,Tablete,"12,5 mg"
626,CARVELOL,Tablete,25 mg
625,CARDIOPROL,Film tablete,5 mg
624,CARDIOPROL,Film tablete,10 mg
623,BISOCOR,Film tablete,5 mg
622,BISOCOR,Film tablete,5 mg
621,ATENOLOL,Tablete,100 mg
620,BISOCOR,Film tablete,10 mg
619,BISOCOR,Film tablete,10 mg
618,ATEROZ,Film tablete,20 mg
617,ATEROZ,Film tablete,10 mg
616,ARVIND,Tablete,50 mg
615,ARVIND,Tablete,25 mg
614,ARVIND,Tablete,100 mg
613,APRAZOL,Kapsule,30 mg
612,ANGIOTEC,Tablete,5 mg
611,ANGIOTEC,Tablete,20 mg
610,ANGIOTEC,Tablete,10 mg
609,AMLODIPIN,Tablete,10 mg
608,AMLODIPIN,Tablete,5 mg
607,AMIODARON,Tablete,200 mg
606,AMIODARON,Tablete,200 mg
605,KAMIREN XL,Tablete,4 mg
604,ENALAPRIL,Tablete,10 mg
603,ENALAPRIL,Tablete,20 mg
602,DEXAMETHASON,Tablete,"0,5 mg"
601,ISMN STADA,Tablete,40 mg
600,ISMN STADA,Tablete,20 mg
599,ZOLSANA,Film tablete,10 mg
598,ZOLSANA,Film tablete,5 mg
597,DEXAMETHASON,Tablete,"0,5 mg"
596,VITOPRIL H,Tablete,"20 mg+12,5 mg"
595,VITOPRIL H,Tablete,"10 mg+12,5 mg"
594,ULCOSAN,Kapsule,20 mg
593,TRAMADOL,Supozitorije,100 mg
592,TRAMADOL,Kapsule,50 mg
591,TRAMADOL,Kapi za oralnu upotrebu,100 mg/ ml
590,TRAMADOL,Kapsule,50 mg
589,TRAMADOL,Kapi za oralnu upotrebu,100 mg/ ml
588,TOZAR,Film tablete,20 mg
587,TOZAR,Film tablete,10 mg
586,TOREM,Tablete,10 mg
585,TOREM,Tablete,5 mg
584,TENOX,Tablete,10 mg
583,TENOX,Tablete,5 mg
582,TENLOP H,Film tablete,"50 mg+12,5 mg"
581,TENLOP,Film tablete,50 mg
580,TEGREBOS,Tablete sa produž.oslobaðanjem,400 mg
579,TEGREBOS,Tablete,200 mg
578,TANYZ,Kapsule sa produž.djelovanjem,"0,4 mg"
577,SIOFOR 850,Film tablete,850 mg
576,NEODEKSACIN,Kapi za oèi i uši,"(1+3,5) mg/ ml"
575,FEBRICET,Sirup,120 mg/ 5 ml
574,SIOFOR 500,Film tablete,500 mg
573,FEBRICET,Supozitorije,200 mg
572,SINERSUL,Sirup,200 mg + 40 mg/ 5 ml
571,SIMVAKOL,Film tablete,10 mg
570,REFERUM,Sirup,50 mg/ 5 ml
569,RANOBEL,Film tablete,150 mg
568,RANOBEL,Film tablete,150 mg
567,RANIBOS,Film tablete,300 mg
566,RANIBOS,Film tablete,150 mg
565,PYLOMID,Sirup,5 mg/ 5 ml
564,PYLOMID,Tablete,10 mg
563,HEMOKVIN PLUS,Film tablete,"20 mg+12,5 mg"
562,PROSPERA,Film tablete,4 mg
561,PROSPERA,Film tablete,3 mg
560,PROSPERA,Film tablete,2 mg
559,PROSPERA,Film tablete,1 mg
558,HEMOKVIN,Film tablete,10 mg
557,HEMOKVIN,Film tablete,20 mg
1689,Faktor koagulacije VIII,,500 i.j.
1690,Humani faktor koagulacije IX,,500 i.j.
556,CEFALEKSIN,Prašak za oralnu suspenziju,250 mg/ 5 ml
1692,H.faktor koagulacijeVIII(von Willebrand),,(500+375) i.j.
1693,Faktor koagulacije VIII sa vWf,,1000 i.j.+750 i.j.
555,PLIMYCOL,Vaginalne tablete,200 mg
554,PEPTORAN,Film tablete,300 mg
553,PEPTORAN,Film tablete,150 mg
552,PARACETAMOL,Sirup,120 mg/ 5 ml
551,PARACETAMOL,Sirup,120 mg/ 5 ml
550,CEFALEKSIN,Kapsule,500 mg
549,ONTRIL,Sirup,2 mg/ 5 ml
548,ONTRIL,Tablete,2 mg
547,OMEPRAZID,Kapsule,20 mg
546,NORACIN,Tablete,400 mg
545,NEURONTIN,Kapsule,400 mg
544,NEURONTIN,Kapsule,300 mg
543,NAF,Tablete,1 mg
542,NEURONTIN,Kapsule,100 mg
541,NAF,Tablete,1 mg
540,METOTEN,Obložene tablete,5 mg
539,NAF,Tablete,"0,25 mg"
538,NAF,Tablete,"0,25 mg"
537,MISAR,Tablete,"0,25 mg"
536,MISAR,Tablete,1 mg
535,MISAR,Tablete,"0,5 mg"
534,METROZOL,Vaginalne tablete,500 mg
533,METFORMIN,Film tablete,850 mg
532,PHENOBARBITON,Tablete,15 mg
531,DIAZEPAM,Tablete,10 mg
530,MESALAZIN,Tablete,500 mg
529,MESALAZIN,Tablete,250 mg
528,LUPOCET,Sirup,120 mg/ 5 ml
527,ISONIAZID,Tablete,50 mg
526,LOSTOP,Sirup,5 mg/ 5 ml
524,TRIMOSUL,Tablete,400 mg + 80 mg
523,KARBAPIN,Tablete,200 mg
520,TRIMOSUL,Sirup,200 mg + 40 mg/ 5 ml
518,DOKSICIKLIN,Kapsule,100 mg
517,PRILENAP,Tablete,10 mg
516,NYSTATIN,Obložene tablete,500.000 i.j.
514,IBUPROFEN,Sirup,100 mg/ 5 ml
513,PRILEN,Tablete,5 mg
512,RANITIDIN,Film tablete,150 mg
511,PRILEN,Tablete,"2,5 mg"
509,BRUFEN,Film tablete,400 mg
508,BIKALUTAMID,Film tablete,50 mg
507,ALOPROL,Tablete,2 mg
506,ALOPROL,Sirup,2 mg/ 5 ml
505,CEFALEKSIN,Kapsule,250 mg
504,ALOPROL,Inhalacioni rastvor za raspršivaè,5 mg/ ml
503,AMLODIPIN,Tablete,5 mg
502,AMLODIPIN,Tablete,10 mg
501,IBUPROFEN,Film tablete,400 mg
500,POLYGYNAX,Vaginalne tablete,(100.000+35.000+35.000) i.j.
499,VERAPAMIL,Tablete,40 mg
498,RANITIDIN,Film tablete,300 mg
496,VERAPAMIL,Tablete,80 mg
495,PULCET,Gastrorez.tableta,40 mg
494,PULCET,Gastrorez.tableta,40 mg
493,LOSARTIC PLUS,Film tablete,"50 mg+12,5 mg"
492,HEPTANON,Kapi za oralnu upotrebu,10 mg/ ml
491,DUGEN,Tablete,100 mg
490,CO-HILOS,Film tablete,"50 mg+12,5 mg"
489,NYSTATIN,Suspenzija,100.000 i.j./ml
488,BIPRESSO,Film tablete,5 mg
487,BIPRESSO,Film tablete,10 mg
486,MIRAPEXIN,Tablete,1 mg
485,MIRAPEXIN,Tablete,"0,25 mg"
484,LOTAR,Film tablete,50 mg
483,HILOS,Film tablete,50 mg
482,AMINOFILIN,Tablete,100 mg
481,ERYNORM,Film tablete,50 mg
480,THIOGAMMA 600 ORAL,Film tablete,600 mg
479,THIOGAMMA 600 ORAL,Film tablete,600 mg
478,BYOL,Film tablete,10 mg
477,BYOL,Film tablete,5 mg
476,XALATAN,Kapi za oèi,50 mcg/ml
475,LORISTA H,Film tablete,"50 mg+12,5 mg"
474,AMOKSICILIN,Prašak za oralnu suspenziju,250 mg/ 5 ml
473,ORAMORPH,Kapi za oralnu upotrebu,20 mg/ ml
472,PANAPRES,Tablete,100 mg
471,ORAMORPH,Oralni rastvor,30 mg/ 5ml
470,ORAMORPH,Sirup,10 mg/5ml
469,TORENDO Q-TAB,Raspadljive tablete za usta,2 mg
468,TORENDO Q-TAB,Raspadljive tablete za usta,1 mg
467,TORENDO Q-TAB,Raspadljive tablete za usta,"0,5 mg"
466,FOSAVANCE,Tablete,"70 mg+0,07 mg"
465,AMLOGAL,Tablete,5 mg
464,AMLOGAL,Tablete,10 mg
463,MOSTRAFIN,Film tablete,5 mg
462,PHENOBARBITON,Tablete,100 mg
461,ATENOLOL,Tablete,50 mg
460,ATENOLOL,Tablete,100 mg
459,AMOKSICILIN,Kapsule,250 mg
458,TRAMADOL,Kapsule,50 mg
457,BRUFEN,Sirup,100 mg/ 5 ml
456,AMOKSICILIN,Kapsule,500 mg
455,CEFALEKSIN,Kapsule,500 mg
454,CEFALEKSIN,Kapsule,250 mg
453,PRILENAP,Tablete,20 mg
452,EPIRAMAT,Tablete,200 mg
451,EPIRAMAT,Tablete,100 mg
450,EPIRAMAT,Tablete,50 mg
449,EPIRAMAT,Tablete,25 mg
448,SABRIL,Prašak,500 mg
447,TEGRETOL,Sirup,100 mg/ 5 ml
446,EFFERALGAN,Supozitorije,150 mg
445,EFFERALGAN,Supozitorije,80 mg
444,TAMOXIFEN,Tablete,20 mg
443,SORTIS,Film tablete,20 mg
442,ZEFFIX,Oralni rastvor,5 mg/ ml
441,SORTIS,Film tablete,10 mg
440,ZEFFIX,Film tablete,100 mg
439,ERITROMICIN,Prašak za oralnu suspenziju,250 mg/ 5 ml
438,CEFALEXIN,Kapsule,500 mg
437,AMLOPIN LEK,Tablete,10 mg
436,AMLOPIN LEK,Tablete,5 mg
435,ATENOLOL,Tablete,50 mg
434,NORFLOXACIN,Tablete,400 mg
1809,PKU Anamix Infant,Prašak,
433,AREMED,Film tablete,1 mg
1811,INFATRINI,Teèna hrana,
432,VENTOLIN,Suspenzija za inhalaciju,100 mcg/ doza
431,VENTOLIN,Inhalacioni rastvor za raspršivaè,5 mg/ ml
1814,BEZGLUTENSKO BRAŠNO,,
430,DOKSICIKLIN,Film tablete,100 mg
429,IMURAN,Tablete,50 mg
428,HOLLESTA,Film tablete,40 mg
427,HOLLESTA,Film tablete,20 mg
426,HOLLESTA,Film tablete,10 mg
1820,MEVALIA BRAŠNO,,
425,NITRAX,Kapsule sa produž.djelovanjem,40 mg
424,CLOPIDOGREL,Film tablete,75 mg
423,SABAX,Kapsule,30 mg
422,PURI-NETHOL,Tablete,50 mg
421,LAMICTAL,Tablete,25 mg
420,ANGISED,Sublingvalne tablete,"0,5 mg"
419,FLIXOTIDE,Suspenzija za inhalaciju,125 mcg/ doza
418,LAMICTAL,Tablete,100 mg
417,LAMICTAL,Tablete,50 mg
416,METADON,Kapi za oralnu upotrebu,10 mg/ ml
415,FLIXOTIDE,Suspenzija za inhalaciju,50 mcg/ doza
414,LIPIDRA,Film tablete,80 mg
413,SINACILIN,Prašak za oralnu suspenziju,100 mg/ ml
412,ORVAGIL,Film tablete,400 mg
411,ORVAGIL,Vaginalne tablete,500 mg
410,LIPIDRA,Film tablete,40 mg
409,PRILAZID,Film tablete,"0,5 mg"
408,SINACILIN,Prašak za oralnu suspenziju,250 mg/ 5 ml
407,SINACILIN,Kapsule,250 mg
406,PALITREX,Kapsule,500 mg
405,PALITREX,Prašak za oralnu suspenziju,250 mg/ 5 ml
404,LIPIDRA,Film tablete,20 mg
403,LIPIDRA,Film tablete,10 mg
402,GABAGAMMA,Kapsule,400 mg
401,SOLTRIC,Prašak za oralnu suspenziju,100 mg/ 5 ml
400,GABAGAMMA,Kapsule,400 mg
399,GABAGAMMA,Kapsule,300 mg
398,GABAGAMMA,Kapsule,300 mg
397,GABAGAMMA,Kapsule,100 mg
396,GABAGAMMA,Kapsule,100 mg
395,PALITREX,Kapsule,250 mg
394,BAZETHAM,Kapsule sa produž.djelovanjem,"0,4 mg"
393,OMNIC,Kapsule sa produž.djelovanjem,"0,4 mg"
392,OMNIC OCAS,Tablete sa produž.oslobaðanjem,"0,4 mg"
391,DEPAKINE,Sirup,300 mg/ 5ml
389,CLODIL,Film tablete,75 mg
388,SINACILIN,Kapsule,500 mg
387,PHLEBODIA,Obložene tablete,600 mg
386,METFOGAMMA,Film tablete,850 mg
385,METFOGAMMA,Film tablete,500 mg
384,LANSOPROL,Kapsule,30 mg
383,METFOGAMMA,Film tablete,850 mg
382,METFOGAMMA,Film tablete,500 mg
381,AGLURAB,Film tablete,850 mg
1865,BEZGLUTENSKO BRAŠNO,,
380,AGLURAB,Film tablete,500 mg
379,LANSOPROL,Kapsule,30 mg
378,HERNOVIR,Tablete,200 mg
377,BICUSAN,Film tablete,50 mg
376,FLUKONAZOL,Kapsule,50 mg
375,FLUKONAZOL,Kapsule,150 mg
374,FLUKONAZOL,Kapsule,100 mg
373,TEFOR,Film tablete,500 mg
372,SPALMOTIL,Inhalacioni rastvor za raspršivaè,5 mg/ ml
371,LIZINOPRIL,Tablete,5 mg
370,LIZINOPRIL,Tablete,20 mg
1877,NOVOFINE IGLE,,
369,LIZINOPRIL,Tablete,10 mg
368,ENALAPRIL,Tablete,5 mg
367,AMLODIPIN,Tablete,5 mg
366,ORVAGIL,Tablete,250 mg
365,RIFAMOR,Kapsule,300 mg
364,AMLODIPIN,Tablete,10 mg
363,ATENOLOL,Tablete,50 mg
362,HIDROHLOROTIAZID,Tablete,25 mg
361,METFORMIN,Film tablete,850 mg
360,METFORMIN,Film tablete,500 mg
359,LORATADIN,Sirup,5 mg/ 5 ml
358,IZOPAMIL,Tablete,80 mg
357,PARACETAMOL,Supozitorije,80 mg
356,PROPRANOLOL,Tablete,40 mg
355,KATOPIL,Tablete,25 mg
354,KATOPIL,Tablete,50 mg
353,PARACETAMOL,Supozitorije,150 mg
352,PARACETAMOL,Sirup,120 mg/ 5 ml
351,FLUOKSETIN,Kapsule,20 mg
350,PRONISON,Tablete,20 mg
349,PRILAZID,Film tablete,5 mg
348,PRILAZID,Film tablete,"2,5 mg"
347,KREON,Kapsule,(25.000+18.000+1.000) i.j.
346,HYDROCORTISON,Tablete,20 mg
345,ALENDOR 70,Tablete,70 mg
344,MEGLIMID,Tablete,2 mg
343,DIULONG,Tablete,2 mg
1905,BEZGLUTENSKO BRAŠNO-Farina,,
342,BETAGLID,Tablete,2 mg
341,MIOKARPIN,Kapi za oèi,20 mg/ ml
340,HEMOPRES,Tablete,50 mg + 5 mg
339,ARIMIDEX,Film tablete,1 mg
338,TRUSOPT,Kapi za oèi,20 mg/ ml
337,CASODEX,Film tablete,50 mg
336,INDOMETACIN,Supozitorije,100 mg
335,ERYTHROMYCIN,Prašak za oralnu suspenziju,250 mg/ 5 ml
334,PHLEBODIA,Obložene tablete,600 mg
333,AMARYL,Tablete,2 mg
332,NEXIUM,Tablete,40 mg
331,NEXIUM,Tablete,40 mg
330,DOVICIN,Kapsule,100 mg
329,GLAUMOL,Kapi za oèi,5 mg/ ml
328,NEXIUM,Tablete,20 mg
327,NEXIUM,Tablete,20 mg
326,CONTROLOC,Gastrorez.tableta,20 mg
325,ALOPRES,Tablete,10 mg
324,ALOPRES,Tablete,5 mg
323,LOPRIL H,Tablete,"20 mg+12,5 mg"
322,PRILAZID PLUS,Film tablete,"5 mg+ 12,5 mg"
321,LOPRIL H,Tablete,"10 mg+12,5 mg"
320,LOPRIL H PLUS,Tablete,20 mg+25 mg
319,BENSEDIN,Tablete,10 mg
318,LOPRIL H PLUS,Tablete,20 mg+25 mg
317,LOPRIL,Tablete,20 mg
316,LOPRIL,Tablete,10 mg
315,LOPRIL,Tablete,5 mg
314,LODIX,Tablete,40 mg
313,CHLORAMPHENICOL,Masti za oèi,10 mg/g
312,LIPEX,Film tablete,20 mg
311,LIPEX,Film tablete,40 mg
310,LETROX,Tablete,100 mcg
309,SPALMOTIL,Sirup,2 mg/ 5 ml
308,LETROX,Tablete,"0,05 mg"
307,LATRIGIL,Tablete,25 mg
306,LATRIGIL,Tablete,50 mg
305,LATRIGIL,Tablete,100 mg
304,LANZUL,Kapsule,30 mg
303,LANIBOS,Tablete,"0,25 mg"
302,LAAVEN HD,Tablete,20 mg+25 mg
301,KONVERIL,Tablete,20 mg
300,KONVERIL,Tablete,10 mg
299,TIVORAL,Tablete,100 mcg
298,PRINORM,Tablete,100 mg
297,GLIORAL,Tablete,80 mg
296,SPALMOTIL,Tablete,2 mg
295,KONVERIL,Tablete,5 mg
294,KLOPIDOGREL,Film tablete,75 mg
293,FLUNISAN,Tablete,20 mg
292,FLUOXETIN,Kapsule,20 mg
291,KLONAZEPAM,Tablete,2 mg
290,DEXASON,Tablete,"0,5 mg"
289,KLOMIFEN,Tablete,50 mg
288,DEXAMETHASON-NEOMYCIN,Kapi za oèi i uši,"(1+3,5) mg/ ml"
287,KATENA,Kapsule,400 mg
286,KATENA,Kapsule,300 mg
285,KATENA,Kapsule,100 mg
284,KANDIZOL,Kapsule,50 mg
283,KANDIZOL,Kapsule,150 mg
282,KANDIZOL,Kapsule,150 mg
281,IBUPROFEN,Sirup,100 mg/ 5 ml
280,IBUPROFEN,Film tablete,400 mg
279,HIRAMICIN,Kapsule,100 mg
278,HICONCIL,Prašak za oralnu suspenziju,250 mg/ 5 ml
277,HICONCIL,Kapsule,500 mg
276,HICONCIL,Kapsule,250 mg
275,HELEX,Tablete,"0,5 mg"
274,HELEX,Tablete,"0,25 mg"
273,GLUFORMIN,Film tablete,850 mg
272,GLIMEPIRID HF,Tablete,2 mg
271,FORDEX,Film tablete,850 mg
270,FORDEX,Film tablete,850 mg
269,FORDEX,Film tablete,500 mg
268,FLUSETIN,Tablete,20 mg
267,FLUSETIN,Tablete,20 mg
266,FENIX,Gastrorez.tableta,40 mg
265,FENIX,Gastrorez.tableta,20 mg
264,BONVIVA,Film tablete,150 mg
263,BONVIVA,Film tablete,"2,5 mg"
262,FOSAMAX T,Tablete,70 mg
261,ERYTHROMYCIN,Film tablete,500 mg
260,EFLORAN,Film tablete,400 mg
259,DOXAT,Tablete,4 mg
258,DOXAT,Tablete,2 mg
257,DISALUNIL,Tablete,25 mg
256,DEPAKINE CHRONO,Tablete sa produž.oslobaðanjem,333 mg + 145 mg
255,DEPAKINE CHRONO,Tablete sa produž.oslobaðanjem,"199,8 mg+87 mg"
254,TORENDO,Film tablete,4 mg
253,TORENDO,Film tablete,4 mg
252,TORENDO,Film tablete,3 mg
251,TORENDO,Film tablete,3 mg
250,TORENDO,Film tablete,2 mg
249,TORENDO,Film tablete,2 mg
248,TORENDO,Film tablete,1 mg
247,TORENDO,Film tablete,1 mg
246,LAMETTA,Film tablete,"2,5 mg"
245,FINASTERID,Film tablete,5 mg
244,OPTIMON HCT,Tablete,"20 mg+12,5 mg"
243,OPTIMON HCT,Tablete,"10 mg+12,5 mg"
242,PRILINDA,Tablete,5 mg
241,PRILINDA,Tablete,"2,5 mg"
240,OPTIMON,Tablete,5 mg
239,OPTIMON,Tablete,20 mg
238,DISALUNIL,Tablete,25 mg
237,CELLCEPT,Kapsule,250 mg
236,OPTIMON,Tablete,10 mg
235,AMIOKORDIN,Tablete,200 mg
234,SALAZOPYRIN EN,Tablete,500 mg
233,ROCALTROL,Kapsule,"0,5 mcg"
232,ROCALTROL,Kapsule,"0,25 mcg"
231,DISALUNIL,Tablete,25 mg
230,DIGOXIN,Tablete,"0,25 mg"
229,DIABOS,Tablete,5 mg
228,DEPRIM,Tablete,400 mg + 80 mg
227,DALERON,Sirup,120 mg/ 5 ml
226,CORVITOL,Film tablete,50 mg
225,CORVITOL,Film tablete,50 mg
224,CLOZAPINE,Tablete,25 mg
223,CEFALEKSIN,Kapsule,500 mg
222,CEFALEKSIN,Kapsule,250 mg
221,CEFALEKSIN,Prašak za oralnu suspenziju,250 mg/ 5 ml
220,CEFALEKSIN,Kapsule,500 mg
219,BOSOPTIN,Tablete,80 mg
218,PROSCAR,Film tablete,5 mg
217,BOSOPTIN,Tablete,40 mg
216,BOSAURIN,Tablete,10 mg
215,BOLDOL,Kapi za oralnu upotrebu,100 mg/ ml
214,BOLDOL,Kapsule,50 mg
213,BIPERIDEN,Tablete,2 mg
212,BETHASAL,Mast,"(0,5mg+30mg)/g"
211,BETHASAL,Mast,"(0,5mg+30mg)/g"
210,BENDAZOL,Prašak za oralnu suspenziju,100 mg/ 5 ml
209,DABROSTON,Film tablete,10 mg
208,ATENOLOL,Tablete,100 mg
207,BELOSALIC,Mast,"(0,5mg+30mg)/g"
206,VEPESID,Kapsule,50 mg
205,MONOPRIL,Tablete,20 mg
204,SORTIS,Film tablete,80 mg
203,ATORVOX,Film tablete,40 mg
202,ATORVOX,Film tablete,20 mg
201,ESBESUL,Sirup,200 mg + 40 mg/ 5 ml
200,ATORVOX,Film tablete,10 mg
199,ATACOR,Film tablete,20 mg
198,ATACOR,Film tablete,10 mg
197,ESBESUL,Tablete,400 mg + 80 mg
196,NIZON,Tablete,5 mg
195,BAKTIMOL,Tablete,400 mg + 80 mg
194,SORTIS,Film tablete,40 mg
193,DIAZEPAM,Tablete,10 mg
192,STATEX 10,Film tablete,10 mg
191,VASILIP,Film tablete,40 mg
190,STATEX 20,Film tablete,20 mg
189,LOSARTIC,Film tablete,50 mg
188,LORISTA,Film tablete,50 mg
187,LACIPIL,Film tablete,4 mg
186,LACIPIL,Film tablete,2 mg
185,LETROX 100,Tablete,100 mcg
184,REFERUM,Tablete za žvakanje,100 mg
183,FERRUM LEK,Tablete za žvakanje,100 mg
182,SIOFOR 850,Film tablete,850 mg
181,ZYLLT,Film tablete,75 mg
180,BERLITHION 300 ORAL,Kapsule,300 mg
179,SIOFOR 500,Film tablete,500 mg
178,ALPHA D3,Meke kapsule,"0,25 mcg"
177,ENTEROFURYL,Kapsule,200 mg
176,ZIPANTOLA,Gastrorez.tableta,40 mg
175,CONTROLOC,Gastrorez.tableta,40 mg
174,ZIPANTOLA,Gastrorez.tableta,20 mg
173,ZIPANTOLA,Gastrorez.tableta,40 mg
172,ATENOLOL,Tablete,50 mg
171,CITERAL,Kapi za oèi,3 mg/ml
170,MAROCEN,Kapi za oèi,3 mg/ml
169,CODEINI PHOSPHATIS,Tablete,30 mg
168,FLIXOTIDE,Suspenzija za inhalaciju,250 mcg/ doza
167,MIANSAN,Film tablete,60 mg
166,MIANSAN,Film tablete,30 mg
165,ERITROMICIN,Kapsule,250 mg
164,ALENDRONAT,Tablete,10 mg
163,RISSET,Film tablete,2 mg
162,RISSET,Film tablete,2 mg
161,RISSET,Film tablete,1 mg
160,RISSAR,Film tablete,2 mg
159,RISSET,Film tablete,3 mg
158,RISSET,Film tablete,3 mg
157,RISSET,Film tablete,1 mg
156,RISSAR,Film tablete,3 mg
155,RISSET,Film tablete,4 mg
154,RISSET,Film tablete,4 mg
153,LETROX 50,Tablete,"0,05 mg"
152,CANESTEN 1,Vaginalne tablete,500 mg
151,CANESTEN 3,Vaginalne tablete,200 mg
150,KANSEN,Vaginalne tablete,200 mg
149,GOPTEN,Kapsule,2 mg
148,GOPTEN,Kapsule,"0,5 mg"
147,ALDIZEM,Tablete,90 mg
146,CORTIAZEM RETARD,Tablete,90 mg
145,METOPROLOL HF,Tablete sa produž.oslobaðanjem,200 mg
144,DIUVER,Tablete,5 mg
143,DIUVER,Tablete,10 mg
142,TOREM,Tablete,10 mg
141,TOREM,Tablete,5 mg
140,FUROSEMIDE,Tablete,40 mg
139,LOMETAZID,Tablete,5 mg+10 mg
138,ALPHAPRES,Tablete,1 mg
137,ALPHAPRES,Tablete,2 mg
136,KAMIREN,Tablete,4 mg
135,KAMIREN,Tablete,2 mg
134,"MANINIL 3,5",Tablete,"3,5 mg"
133,GLIBENCLAMIDE,Tablete,5 mg
132,"MANINIL 1,75",Tablete,"1,75 mg"
131,GLIBEDAL,Tablete,5 mg
130,GLUCOBAY 100,Tablete,100 mg
129,OMEPROL,Kapsule,20 mg
128,OMEZOL,Kapsule,20 mg
127,OMEPRAZOL,Kapsule,20 mg
126,OFTALMOL,Kapi za oèi,5 mg/ ml
125,HEPTANON,Tablete,5 mg
124,ANGINAL,Tablete sa produž.oslobaðanjem,40 mg
123,ANGINAL,Tablete sa produž.oslobaðanjem,40 mg
122,SEROXAT,Film tablete,20 mg
121,DEPROZEL,Film tablete,20 mg
120,XANAX,Tablete,"0,5 mg"
119,XANAX,Tablete,"0,25 mg"
118,ANGINAL,Tablete,20 mg
117,GLUCOBAY 50,Tablete,50 mg
116,KSALOL,Tablete,"0,25 mg"
115,KSALOL,Tablete,1 mg
114,AMOKSICILIN,Prašak za oralnu suspenziju,250 mg/ 5 ml
113,KSALOL,Tablete,"0,5 mg"
112,FRISIUM,Tablete,20 mg
111,FRISIUM,Tablete,10 mg
110,DIAZEPAM DESITIN,Mikroklizma,"10 mg/ 2,5ml"
109,DIAZEPAM DESITIN,Mikroklizma,"5 mg/ 2,5ml"
108,LITIJUM KARBONAT,Kapsule,300 mg
107,LARGACTIL,Tablete,25 mg
106,AMOKSICILIN,Kapsule,500 mg
105,AMOKSICILIN,Kapsule,250 mg
104,LAMOTRIGIN,Tablete,100 mg
103,LAMOTRIGIN,Tablete,50 mg
102,LAMOTRIGIN,Tablete,25 mg
101,FLUKONAZOL,Kapsule,50 mg
100,FLUKONAZOL,Kapsule,150 mg
99,GABALEPT,Kapsule,100 mg
98,GABALEPT,Kapsule,400 mg
97,GABALEPT,Kapsule,300 mg
96,TOPAMAX,Tablete,100 mg
95,TOPAMAX,Tablete,50 mg
94,TOPAMAX,Tablete,25 mg
93,LAMICTAL,Tablete za žvakanje,5 mg
92,DUROGESIC,Transdermalni flaster,"25 mcg/h (4,2 mg)"
91,DUROGESIC,Transdermalni flaster,"50 mcg/h (8,4 mg)"
86,LUXETA,Film tablete,100 mg
85,LUXETA,Film tablete,50 mg
84,ASENTRA,Film tablete,100 mg
83,ASENTRA,Film tablete,50 mg
82,ZOLOFT,Film tablete,100 mg
81,ZOLOFT,Film tablete,50 mg
80,ZONADIN,Film tablete,10 mg
79,ZONADIN,Film tablete,5 mg
78,SANVAL,Film tablete,10 mg
77,SANVAL,Film tablete,5 mg
76,OSPEN 750,Oralna suspenzija,750.000 i.j./ 5 ml
75,SERETIDE DISKUS,Prašak za inhalaciju,(50+500) mikrograma/ doza
74,SERETIDE DISKUS,Prašak za inhalaciju,(50+250) mikrograma/ doza
73,SERETIDE DISKUS,Prašak za inhalaciju,(50+100) mikrograma/ doza
72,POLYGYNAX,Vaginalne tablete,(100.000+35.000+35.000) i.j.
71,FERRUM LEK,Sirup,50 mg/ 5 ml
70,TOTHEMA,Oralni rastvor,"(50+1,33+0,70) mg/ 10 ml"
69,HEFEROL,Kapsule,350 mg
68,AMOKSICILIN,Kapsule,500 mg
67,AMOKSICILIN,Prašak za oralnu suspenziju,250 mg/ 5 ml
66,AMLODIL,Tablete,10 mg
65,ETAMBUTOL,Tablete,400 mg
64,AMLODIL,Tablete,10 mg
63,AMLODIL,Tablete,5 mg
62,ALMACIN,Kapsule,500 mg
61,CEFALEXIN,Prašak za oralnu suspenziju,250 mg/ 5 ml
60,ALMACIN,Prašak za oralnu suspenziju,250 mg/ 5 ml
59,KAPANOL,Kapsule,50 mg
58,CEFALEXIN,Kapsule,500 mg
57,KAPANOL,Kapsule,20 mg
56,IMUPRIN,Tablete,50 mg
55,TAMOXIFEN PLIVA 10,Tablete,10 mg
54,TAMOXIFEN PLIVA 10,Tablete,10 mg
53,TAMOXIFEN EBEWE,Tablete,20 mg
52,TAMOXIFEN EBEWE,Tablete,10 mg
51,ZIDOSAN,Kapsule,100 mg
50,ACIKLOVIR,Tablete,200 mg
49,FUNZOL,Kapsule,100 mg
48,METROZOL,Film tablete,400 mg
47,ORVAGIL D,Film tablete,400 mg
46,AMLODIL,Tablete,5 mg
45,AMINOL,Tablete,100 mg
44,AMINOL,Tablete,100 mg
43,AMINOL,Tablete,50 mg
42,PTU 100,Tablete,100 mg
41,PTU 50,Tablete,50 mg
40,AMINOL,Tablete,50 mg
39,MINIRIN,Nazalni sprej,"0,1ml/ 10mcg"
38,MINIRIN,Tablete,"0,2 mg"
37,ACENOKUMAROL,Tablete,4 mg
36,NIFADIL RETARD,Tablete sa produž.oslobaðanjem,20 mg
35,ULCODIN,Film tablete,150 mg
34,VERAPAMIL,Tablete,40 mg
33,CLOMIFENE,Tablete,50 mg
32,MICROGYNON 30,Film tablete,"0,15 mg+0,03 mg"
31,VERAPAMIL,Tablete,80 mg
30,LEGRAVAN,Film tablete,"0,15 mg+0,03 mg"
29,HYDROCORTISON,Mast,25 mg/g
28,ALKADIL,Tablete,25 mg
27,ALKADIL,Tablete,50 mg
2218,Trake za mjerenje šeæera u krvi Performa,,
2219,Trake za mjerenje šeæera u krvi,,
2220,Lancete Accu - Chek Softclix,,
2221,Trake za mjerenje šeæera u krvi LUNA (Wellion),,
2222,Lancete Wellion,,
2223,Trake za mjerenje šeæera u urinu Accu-Tell,,
26,VIVACE,Tablete,"2,5 mg"
25,SKOPRYL,Tablete,20 mg
24,SKOPRYL,Tablete,10 mg
2227,Humapen Ergo II aplikator za injiciranje insulina,,
2228,Clik Star aplikator za injiciranje insulina,,
23,GYNIPRAL,Tablete,"0,5 mg"
22,VIVACE,Tablete,5 mg
21,CORVITOL 100,Film tablete,100 mg
20,PRESOLOL,Film tablete,100 mg
19,PRESOLOL,Film tablete,50 mg
18,CORVITOL 50,Film tablete,50 mg
17,PRESOLOL,Film tablete,50 mg
2236,UNIFINE IGLE,,
2237,Izdavanje ljekova na recept,,
2238,IGLA ZA INSULINSKI PEN Z.KINDLY,,
2239,Igla za insulinski pen  - Clikfine,,
2240,Insupen igle (za insulin Insuman Comb),,
2241,Rastvaranje i rastrljavanje svih vrsta l,,
16,SPIRONOLAKTON,Tablete,100 mg
15,SPIRONOLAKTON,Tablete,25 mg
14,FUROSEMIDE,Tablete,500 mg
13,METHYLDOPA,Film tablete,250 mg
12,AMIODARON,Tablete,200 mg
2247,Insupen igle,,
11,FOLNA KISELINA,Tablete,5 mg
10,LEGOFER,Oralni rastvor,800 mg/ 15 ml
9,FARIN,Tablete,5 mg
8,CHLORAMPHENICOL,Masti za oèi,10 mg/g
2252,Lancete Accu-Chek Softclix,,
2253,Lancete Accu-Chek Softclix,,
2254,Lancete Accu-Chek Softclix,,
2255,Lancete Accu-Chek Softclix,,
2256,IGLE ZA INZULINSKE BRIZGALICE FEEL FINE,,
2257,Šprica insulinska sa iglom 1 ml 100I.U.,,
2258,"Igla za navlaèenje 0,9x40",,
2259,Igle za apl. uz pen brizgalice 30G*6mm,,
7,PLIVIT D3,Kapi za oralnu upotrebu,4.000 i.j/ ml
6,KLOMETOL,Tablete,10 mg
2262,INSUPEN igle,,
2263,NOVOFINE igle,,
2264,Trake za mjerenje šecera u krvi Performa,,
2265,Trake za mjerenje šecera u krvi Performa,,
2266,Trake za mjerenje šecera u krvi Performa,,
2267,Trake za mjerenje šecera u krvi Performa,,
2268,Lancete za Performa aparat,,
2269,Lancete za Performa aparat,,
2270,Lancete za Performa aparat,,
2271,Lancete za Performa aparat,,
2272,Igla za insulinski pen,,
2273,Trake za mjerenje šecera u krvi,,
2274,Trake za mjerenje šecera u krvi,,
2275,Trake za mjerenje šecera u krvi,,
2276,Trake za mjerenje šecera u krvi,,
2277,Lancete za uzimanje uzoraka krvi,,
2278,Lancete za uzimanje uzorka u krvi-Active,,
2279,Lancete za uzimanje uzoraka krvi-Active,,
2280,Lancete za uzimanje uzoraka u krvi-Activ,,
5,KLOMETOL,Sirup,5 mg/ 5 ml
4,REGLAN,Sirup,5 mg/ 5 ml
3,REGLAN,Tablete,10 mg
2,FLUOROGAL,Tablete,1 mg
1,FLUOROGAL,Tablete,"0,25 mg"
2286,Igle za apl.uz pen brizgalice 30G*8mm,,
2287,Insulinska igla 0.45*13 mm,,
2288,Trake za mjerenje šecera u urinu,,
2289,Trake za mjerenje šecera u urinu,,
2290,Trake za mjerenje šecera u urinu,,
